"","user_id","partida","seleccio.1","seleccio.2","seleccio.3","seleccio.4","seleccio.5","seleccio.6","seleccio.7","seleccio.8","seleccio.9","seleccio.10","mean_contr","SD","mean.1","mean.2","mean.3","mean.4","mean.5","mean.6","mean.7","mean.8","mean.9","mean.10","comp_mean1","comp_mean2","comp_mean3","comp_mean4","comp_mean5","comp_mean6","comp_mean7","comp_mean8","comp_mean9","comp_mean10","comp_last_mean2","comp_last_mean3","comp_last_mean4","comp_last_mean5","comp_last_mean6","comp_last_mean7","comp_last_mean8","comp_last_mean9","comp_last_mean10","cond_coop2","cond_coop3","cond_coop4","cond_coop5","cond_coop6","cond_coop7","cond_coop8","cond_coop9","cond_coop10","free_1","free_2","free_3","free_4","free_5","free_6","free_7","free_8","free_9","free_10","nickname","codi_postal","genere","rang_edat","nivell_estudis","prfinal0","prfinal1","prfinal2","prfinal3","prfinal4","prfinal5","prfinal6","prfinal7","prfinal8","prfinal9","prfinal10","prfinal11","prfinal12","prfinal13","data_creacio","data_finalitzacio","acabat","data_registre","diners_inicials","diners_actuals","check_1","check_2","check_3","partida_id","is_robot","num_jugador","prfinal14","prfinal15","guany_final","num_seleccions","sorteig","agegroups"
"1",1,1,0,4,0,4,2,4,2,2,2,2,2.2,1.47572957474524,2,2.66666666666667,2.33333333333333,2,1.33333333333333,2,2,2.33333333333333,1.66666666666667,2,0,1,0,1,1,1,1,0,1,1,1,0,1,1,1,1,1,0,1,1,1,1,1,0,1,1,0,0,1,0,1,0,0,0,0,0,0,0,"Test5",9000,"female",56,"",NA,"No","Not at all","No, from the beginning","Agree","Agree","Disagree","Agree","Disagree","n/a","Doppler Effect","China","Solar energy","Declaration of Helsinki","2015-12-22 10:22:58","2015-12-22 10:33:11",1,"2015-12-22 10:25:15",30,8,"true","false","false",1,0,3,"Carbon footprint","20%",8,10,0,"55-59"
"2",2,1,2,2,2,0,0,0,0,2,0,2,1,1.05409255338946,2,2.66666666666667,2.33333333333333,2,1.33333333333333,2,2,2.33333333333333,1.66666666666667,2,1,0,0,0,0,0,0,0,0,1,1,0,0,0,0,0,1,0,1,1,0,0,0,0,0,1,0,1,0,0,0,1,1,1,1,0,1,0,"Test2",12345,"female",16,"none",NA,"No","Not Really","No, after a few rounds","Disagree","Disagree","Agree","Disagree","Disagree","Disagree","Doppler Effect","China","Nuclear energy","Schengen Agreement","2015-12-22 10:23:22","2015-12-22 10:33:16",1,"2015-12-22 10:25:20",40,30,"true","true","false",1,0,6,"Individual gas fee","2%",30,10,0,"15-19"
"3",3,1,2,2,2,0,2,0,0,0,0,0,0.8,1.03279555898864,2,2.66666666666667,2.33333333333333,2,1.33333333333333,2,2,2.33333333333333,1.66666666666667,2,1,0,0,0,1,0,0,0,0,0,1,0,0,1,0,0,0,0,0,1,0,0,1,1,0,0,0,0,0,0,0,1,0,1,1,1,1,1,"Test1",12345,"male",12,"",NA,"No","Not Really","Yes, from the beginning","Disagree","Agree","Disagree","n/a","Disagree","Agree","Refrigerator Effect","U.S","Solar energy","Declaration of Helsinki","2015-12-22 10:23:40","2015-12-22 10:33:18",1,"2015-12-22 10:25:11",40,32,"true","true","false",1,0,4,"Reduced environmental cost","15%",32,10,1,"10-14"
"4",4,1,4,0,2,2,2,0,2,2,4,2,2,1.33333333333333,2,2.66666666666667,2.33333333333333,2,1.33333333333333,2,2,2.33333333333333,1.66666666666667,2,1,0,0,1,1,0,1,0,1,1,0,0,0,1,0,1,1,1,1,1,0,0,1,1,1,1,1,0,0,1,0,0,0,1,0,0,0,0,"Test3",12345,"male",14,"",NA,"No","Very Much","Yes, from the beginning","Agree","n/a","Agree","Agree","Disagree","n/a","Doppler Effect","China","Solar energy","Declaration of Helsinki","2015-12-22 10:23:53","2015-12-22 10:34:44",1,"2015-12-22 10:25:09",20,0,"true","true","false",1,0,1,"Individual gas fee","20%",0,10,0,"10-14"
"5",5,1,2,4,4,2,2,4,4,4,2,4,3.2,1.03279555898864,2,2.66666666666667,2.33333333333333,2,1.33333333333333,2,2,2.33333333333333,1.66666666666667,2,1,1,1,1,1,1,1,1,1,1,1,1,0,1,1,1,1,0,1,1,0,1,1,0,0,0,1,0,0,0,0,0,0,0,0,0,0,0,"Test4",9000,"male",55,"",NA,"No","Very Much","Yes, from the beginning","Agree","Disagree","n/a","Agree","Disagree","n/a","Doppler Effect","China","Solar energy","Declaration of Helsinki","2015-12-22 10:23:58","2015-12-22 10:35:03",1,"2015-12-22 10:25:14",60,28,"true","true","false",1,0,5,"Reduced environmental cost","15%",28,10,0,"55-59"
"6",6,1,2,4,4,4,0,4,4,4,2,2,3,1.4142135623731,2,2.66666666666667,2.33333333333333,2,1.33333333333333,2,2,2.33333333333333,1.66666666666667,2,1,1,1,1,0,1,1,1,1,1,1,1,1,0,1,1,1,0,1,1,0,0,1,1,0,0,1,0,0,0,0,0,1,0,0,0,0,0,"Test6",12345,"male",23,"none",NA,"No","Very Much","Yes, from the beginning","Agree","Agree","Agree","Agree","Disagree","n/a","Doppler Effect","U.S","Oil","Declaration of Helsinki","2015-12-22 10:24:14","2015-12-22 10:34:50",1,"2015-12-22 10:25:07",50,20,"true","true","false",1,0,2,"Eco-Impact","15%",20,9,0,"20-24"
"7",7,2,2,4,0,2,2,4,0,0,0,0,1.4,1.64654520469713,2.66666666666667,3.33333333333333,2.66666666666667,3,2.66666666666667,2.66666666666667,2,1.33333333333333,0,0.666666666666667,0,1,0,0,0,1,0,0,1,0,1,0,0,0,1,0,0,0,1,1,1,0,0,1,1,0,0,1,0,0,1,0,0,0,1,1,1,1,"Aure",8025,"female",26,"prof",NA,"No","Somewhat","Yes, after a few rounds","My contribution should not depend on this","My contribution should not depend on this","Disagree","Disagree","Agree","Disagree","Greenhouse Effect","China","Carbon","Kyoto Protocol","2015-12-22 12:36:37","2015-12-22 12:56:08",1,"2015-12-22 12:39:27",40,26,"true","false","false",2,0,2,"Eco-Impact","5%",26,10,1,"25-29"
"8",8,2,2,2,4,2,2,2,2,0,0,0,1.6,1.26491106406735,2.66666666666667,3.33333333333333,2.66666666666667,3,2.66666666666667,2.66666666666667,2,1.33333333333333,0,0.666666666666667,0,0,1,0,0,0,1,0,1,0,0,1,0,0,0,0,0,0,1,0,1,1,0,0,0,1,0,1,0,0,0,0,0,0,0,1,1,1,"Merc√®",8022,"female",41,"prof",NA,"No","Somewhat","Yes, after a few rounds","My contribution should not depend on this","My contribution should not depend on this","Agree","Agree","Agree","Agree","Greenhouse Effect","U.S","Solar energy","Kyoto Protocol","2015-12-22 12:39:03","2015-12-22 12:57:31",1,"2015-12-22 12:40:08",30,14,"true","false","false",2,0,6,"Carbon footprint","2%",14,10,0,"40-44"
"9",9,2,2,4,2,4,2,2,2,0,0,0,1.8,1.47572957474524,2.66666666666667,3.33333333333333,2.66666666666667,3,2.66666666666667,2.66666666666667,2,1.33333333333333,0,0.666666666666667,0,1,0,1,0,0,1,0,1,0,1,0,1,0,0,0,0,0,1,1,1,1,1,0,0,1,0,1,0,0,0,0,0,0,0,1,1,1,"Coia",8016,"male",57,"prof",NA,"No","Somewhat","Yes, after a few rounds","Agree","Disagree","n/a","Agree","Disagree","Disagree","Greenhouse Effect","Italy","Oil","Kyoto Protocol","2015-12-22 12:41:34","2015-12-22 12:56:15",1,"2015-12-22 12:43:31",20,2,"true","false","false",2,0,1,"Carbon footprint","15%",2,10,0,"55-59"
"10",10,2,2,4,2,4,2,2,0,2,0,0,1.8,1.47572957474524,2.66666666666667,3.33333333333333,2.66666666666667,3,2.66666666666667,2.66666666666667,2,1.33333333333333,0,0.666666666666667,0,1,0,1,0,0,0,1,1,0,1,0,1,0,0,0,1,0,1,1,1,1,1,0,0,1,1,1,0,0,0,0,0,0,1,0,1,1,"Miranfu",8008,"female",47,"prof",NA,"No","Somewhat","Yes, from the beginning","Disagree","Disagree","Disagree","n/a","n/a","n/a","Greenhouse Effect","Italy","Solar energy","Kyoto Protocol","2015-12-22 12:43:16","2015-12-22 12:55:26",1,"2015-12-22 12:46:38",40,22,"true","false","false",2,0,3,"Individual gas fee","2%",22,10,0,"45-49"
"11",11,2,4,4,4,4,4,4,4,2,0,4,3.4,1.34989711542111,2.66666666666667,3.33333333333333,2.66666666666667,3,2.66666666666667,2.66666666666667,2,1.33333333333333,0,0.666666666666667,1,1,1,1,1,1,1,1,1,1,1,1,1,1,1,1,1,0,1,0,0,0,0,0,0,1,1,1,0,0,0,0,0,0,0,0,1,0,"SvK",8197,"male",38,"prof",NA,"No","Very Much","Yes, from the beginning","My contribution should not depend on this","My contribution should not depend on this","Disagree","Agree","Disagree","Agree","Greenhouse Effect","Italy","Solar energy","Kyoto Protocol","2015-12-22 12:44:41","2015-12-22 12:56:26",1,"2015-12-22 12:46:54",60,26,"true","false","true",2,0,4,"Carbon footprint","15%",26,10,0,"35-39"
"12",12,2,4,2,4,2,4,2,4,4,0,0,2.6,1.64654520469713,2.66666666666667,3.33333333333333,2.66666666666667,3,2.66666666666667,2.66666666666667,2,1.33333333333333,0,0.666666666666667,1,0,1,0,1,0,1,1,1,0,0,1,0,1,0,1,1,0,1,1,1,1,1,1,1,0,1,1,0,0,0,0,0,0,0,0,1,1,"Marieta",8205,"male",62,"prof",NA,"No","Somewhat","Yes, after a few rounds","My contribution should not depend on this","My contribution should not depend on this","Disagree","Agree","Agree","Agree","Greenhouse Effect","Italy","Solar energy","Kyoto Protocol","2015-12-22 12:45:25","2015-12-22 12:59:50",1,"2015-12-22 12:47:20",50,24,"true","false","false",2,0,5,"Eco-Impact","5%",24,10,0,"60-64"
"13",13,3,2,4,2,4,4,4,2,2,2,2,2.8,1.03279555898864,2,2.66666666666667,2,3,2.33333333333333,1,2,1.66666666666667,2,1,1,1,1,1,1,1,1,1,1,1,1,0,1,1,1,1,1,1,1,1,1,1,0,0,0,1,0,1,0,0,0,0,0,0,0,0,0,0,"Alujas",8211,"male",19,"secondary",NA,"No","Somewhat","Yes, after a few rounds","Disagree","Agree","Agree","Agree","Agree","Agree","Greenhouse Effect","Italy","Solar energy","Kyoto Protocol","2015-12-22 13:29:21","2015-12-22 13:43:41",1,"2015-12-22 13:32:51",60,32,"true","false","true",3,0,6,"Carbon footprint","5%",0,10,0,"15-19"
"14",14,3,0,2,2,2,0,0,4,0,0,2,1.2,1.3984117975602,2,2.66666666666667,2,3,2.33333333333333,1,2,1.66666666666667,2,1,0,0,1,0,0,0,1,0,0,1,1,0,1,0,0,1,0,0,1,1,0,1,0,0,1,1,0,1,1,0,0,0,1,1,0,1,1,0,"Uri",8202,"male",19,"secondary",NA,"No","Somewhat","No, after a few rounds","My contribution should not depend on this","n/a","Agree","Agree","n/a","Agree","Greenhouse Effect","Italy","Solar energy","Kyoto Protocol","2015-12-22 13:29:22","2015-12-22 13:44:04",1,"2015-12-22 13:32:52",20,8,"true","false","false",3,0,1,"Eco-Impact","5%",0,10,0,"15-19"
"15",15,3,2,2,0,2,4,0,0,2,2,0,1.4,1.34989711542111,2,2.66666666666667,2,3,2.33333333333333,1,2,1.66666666666667,2,1,1,0,0,0,1,0,0,1,1,0,1,0,1,1,0,0,1,1,0,1,0,1,1,1,0,1,0,1,0,0,1,0,0,1,1,0,0,1,"Tomas",8291,"male",19,"prof",NA,"No","Somewhat","Yes, after a few rounds","My contribution should not depend on this","My contribution should not depend on this","Agree","Agree","Agree","Agree","Greenhouse Effect","Italy","Solar energy","Declaration of Helsinki","2015-12-22 13:29:33","2015-12-22 13:43:34",1,"2015-12-22 13:32:25",40,26,"true","false","true",3,0,5,"Eco-Impact","15%",0,10,0,"15-19"
"16",16,3,2,4,4,4,2,0,4,2,4,0,2.6,1.64654520469713,2,2.66666666666667,2,3,2.33333333333333,1,2,1.66666666666667,2,1,1,1,1,1,0,0,1,1,1,0,1,1,1,0,0,1,1,1,0,1,0,0,1,0,1,1,0,1,0,0,0,0,0,1,0,0,0,1,"Davdi",8290,"male",19,"secondary",NA,"No","Somewhat","Yes, after a few rounds","My contribution should not depend on this","My contribution should not depend on this","Agree","Agree","Disagree","Disagree","Greenhouse Effect","China","Solar energy","Kyoto Protocol","2015-12-22 13:29:38","2015-12-22 13:43:36",1,"2015-12-22 13:32:08",50,24,"true","false","true",3,0,3,"Carbon footprint","20%",0,10,0,"15-19"
"17",17,3,2,0,4,4,4,0,0,2,4,0,2,1.88561808316413,2,2.66666666666667,2,3,2.33333333333333,1,2,1.66666666666667,2,1,1,0,1,1,1,0,0,1,1,0,0,1,1,1,0,0,1,1,0,1,1,0,0,1,0,1,0,1,0,1,0,0,0,1,1,0,0,1,"Charli",8034,"male",17,"primary",NA,"No","Somewhat","Yes, from the beginning","n/a","My contribution should not depend on this","Agree","Agree","Agree","n/a","Greenhouse Effect","Italy","Solar energy","Kyoto Protocol","2015-12-22 13:31:26","2015-12-22 13:42:29",1,"2015-12-22 13:33:09",40,20,"true","false","false",3,0,2,"Individual gas fee","15%",0,10,0,"15-19"
"18",18,3,4,4,0,2,0,2,2,2,0,2,1.8,1.47572957474524,2,2.66666666666667,2,3,2.33333333333333,1,2,1.66666666666667,2,1,1,1,0,0,0,1,1,1,0,1,1,0,1,0,0,1,1,0,1,0,1,1,0,0,0,1,1,1,0,0,1,0,1,0,0,0,1,0,"Ed",8173,"male",18,"secondary",NA,"No","Somewhat","No, after a few rounds","My contribution should not depend on this","Agree","Agree","n/a","Agree","Agree","Greenhouse Effect","U.S","Solar energy","Kyoto Protocol","2015-12-22 13:33:06","2015-12-22 13:44:24",1,"2015-12-22 13:33:44",30,12,"true","false","false",3,0,4,"Reduced environmental cost","15%",0,10,1,"15-19"
"19",20,4,2,0,4,4,0,0,2,4,4,2,2.2,1.75119007154183,2,1.66666666666667,1.66666666666667,3.66666666666667,1.33333333333333,1.33333333333333,2.33333333333333,1.66666666666667,2.66666666666667,2,1,0,1,1,0,0,0,1,1,1,0,1,1,0,0,1,1,1,0,1,1,0,1,0,1,1,0,1,0,1,0,0,1,1,0,0,0,0,"Carlos2",8016,"male",17,"primary",NA,"No","Somewhat","No, after a few rounds","My contribution should not depend on this","My contribution should not depend on this","Agree","Agree","Disagree","Agree","Greenhouse Effect","Italy","Solar energy","Kyoto Protocol","2015-12-22 13:52:22","2015-12-22 14:08:23",1,"2015-12-22 13:53:55",60,38,"true","false","false",4,0,5,"Carbon footprint","15%",38,10,0,"15-19"
"20",21,4,2,0,0,2,0,0,4,2,0,2,1.2,1.3984117975602,2,1.66666666666667,1.66666666666667,3.66666666666667,1.33333333333333,1.33333333333333,2.33333333333333,1.66666666666667,2.66666666666667,2,1,0,0,0,0,0,1,1,0,1,0,0,1,0,0,1,0,0,0,1,0,1,0,0,1,1,1,0,0,1,1,0,1,1,0,0,1,0,"Pepetd",8070,"male",69,"bachillerat",NA,"No","Somewhat","Yes, after a few rounds","My contribution should not depend on this","n/a","Agree","Agree","Agree","Disagree","Greenhouse Effect","Italy","Solar energy","Kyoto Protocol","2015-12-22 13:53:57","2015-12-22 14:08:40",1,"2015-12-22 13:55:55",50,38,"true","false","false",4,0,4,"Individual gas fee","15%",38,10,0,"65-69"
"21",22,4,0,2,0,4,0,2,0,0,4,0,1.2,1.68654808542314,2,1.66666666666667,1.66666666666667,3.66666666666667,1.33333333333333,1.33333333333333,2.33333333333333,1.66666666666667,2.66666666666667,2,0,1,0,1,0,1,0,0,1,0,1,0,1,0,1,0,0,1,0,1,1,1,1,1,1,0,1,1,1,0,1,0,1,0,1,1,0,1,"Luis",8034,"male",17,"primary",NA,"No","Very Much","Yes, after a few rounds","My contribution should not depend on this","My contribution should not depend on this","n/a","Agree","n/a","n/a","Greenhouse Effect","Italy","Solar energy","Kyoto Protocol","2015-12-22 13:54:28","2015-12-22 14:08:54",1,"2015-12-22 13:57:59",30,18,"true","false","false",4,0,6,"Carbon footprint","15%",18,10,0,"15-19"
"22",23,4,4,4,4,4,4,0,0,0,0,0,2,2.10818510677892,2,1.66666666666667,1.66666666666667,3.66666666666667,1.33333333333333,1.33333333333333,2.33333333333333,1.66666666666667,2.66666666666667,2,1,1,1,1,1,0,0,0,0,0,1,1,1,1,0,0,0,0,0,0,0,0,0,1,0,0,0,0,0,0,0,0,0,1,1,1,1,1,"Eea",8017,"male",17,"primary",NA,"No","Very Much","Yes, from the beginning","My contribution should not depend on this","My contribution should not depend on this","Agree","Agree","Disagree","Agree","Greenhouse Effect","China","Solar energy","Kyoto Protocol","2015-12-22 13:54:53","2015-12-22 14:08:06",1,"2015-12-22 13:58:36",20,0,"true","false","true",4,0,1,"Carbon footprint","5%",0,10,0,"15-19"
"23",24,4,2,0,2,4,2,2,4,4,4,4,2.8,1.3984117975602,2,1.66666666666667,1.66666666666667,3.66666666666667,1.33333333333333,1.33333333333333,2.33333333333333,1.66666666666667,2.66666666666667,2,1,0,1,1,1,1,1,1,1,1,0,1,1,0,1,1,1,1,1,1,1,0,1,0,0,0,0,0,0,1,0,0,0,0,0,0,0,0,"Tostadora",8173,"male",17,"secondary",NA,"No","Very Much","Yes, from the beginning","My contribution should not depend on this","My contribution should not depend on this","n/a","Agree","Disagree","Agree","Greenhouse Effect","U.S","Solar energy","Kyoto Protocol","2015-12-22 13:55:28","2015-12-22 14:08:10",1,"2015-12-22 13:58:41",40,12,"true","true","true",4,0,3,"Individual gas fee","5%",12,10,0,"15-19"
"24",25,4,2,4,0,4,2,4,4,0,4,4,2.8,1.68654808542314,2,1.66666666666667,1.66666666666667,3.66666666666667,1.33333333333333,1.33333333333333,2.33333333333333,1.66666666666667,2.66666666666667,2,1,1,0,1,1,1,1,0,1,1,1,0,1,0,1,1,0,1,1,1,1,1,1,0,0,1,1,0,0,0,1,0,0,0,0,1,0,0,"Petarda",8022,"male",17,"primary",NA,"No","Very Much","Yes, after a few rounds","My contribution should not depend on this","Agree","Agree","Agree","Disagree","Agree","Greenhouse Effect","Italy","Nuclear energy","Kyoto Protocol","2015-12-22 13:55:47","2015-12-22 14:07:54",1,"2015-12-22 13:59:53",40,12,"true","false","true",4,0,2,"Carbon footprint","15%",12,10,1,"15-19"
"25",26,5,4,2,4,2,4,4,2,0,2,0,2.4,1.57762127549323,2,2.33333333333333,1.66666666666667,1,2.66666666666667,3.33333333333333,3.33333333333333,2.33333333333333,1.33333333333333,0.333333333333333,1,0,1,1,1,1,0,0,1,0,1,1,1,1,1,0,0,0,0,1,1,0,0,0,1,0,0,1,0,0,0,0,0,0,0,1,0,1,"Carbu",8960,"male",20,"secondary",NA,"No","Somewhat","Yes, from the beginning","Agree","Agree","Agree","Agree","Agree","Agree","Greenhouse Effect","Italy","Solar energy","Kyoto Protocol","2015-12-22 14:12:06","2015-12-22 14:28:19",1,"2015-12-22 14:16:07",40,16,"true","false","true",5,0,1,"Carbon footprint","20%",16,9,0,"20-24"
"26",27,5,2,4,0,2,0,4,4,4,4,2,2.6,1.64654520469713,2,2.33333333333333,1.66666666666667,1,2.66666666666667,3.33333333333333,3.33333333333333,2.33333333333333,1.33333333333333,0.333333333333333,1,1,0,1,0,1,1,1,1,1,1,0,1,0,1,1,1,1,1,1,1,1,1,1,0,0,0,0,0,0,1,0,1,0,0,0,0,0,"eliloru",8397,"male",20,"secondary",NA,"No","Somewhat","Yes, after a few rounds","My contribution should not depend on this","My contribution should not depend on this","n/a","n/a","Disagree","Agree","Greenhouse Effect","U.S","Solar energy","Kyoto Protocol","2015-12-22 14:12:41","2015-12-22 14:27:20",1,"2015-12-22 14:13:41",50,24,"true","true","false",5,0,5,"Carbon footprint","15%",24,10,0,"20-24"
"27",28,5,2,2,4,2,4,4,4,4,0,0,2.6,1.64654520469713,2,2.33333333333333,1.66666666666667,1,2.66666666666667,3.33333333333333,3.33333333333333,2.33333333333333,1.33333333333333,0.333333333333333,1,0,1,1,1,1,1,1,0,0,1,1,1,1,1,1,1,0,0,1,1,0,0,0,0,0,1,0,0,0,0,0,0,0,0,0,1,1,"Boils",8013,"male",44,"prof",NA,"No","Somewhat","Yes, after a few rounds","Disagree","Disagree","Agree","Disagree","Agree","Disagree","Greenhouse Effect","U.S","Solar energy","Kyoto Protocol","2015-12-22 14:13:27","2015-12-22 14:28:04",1,"2015-12-22 14:16:40",30,4,"true","false","false",5,0,6,"Eco-Impact","5%",4,10,0,"40-44"
"28",29,5,2,4,2,0,2,4,4,4,2,0,2.4,1.57762127549323,2,2.33333333333333,1.66666666666667,1,2.66666666666667,3.33333333333333,3.33333333333333,2.33333333333333,1.33333333333333,0.333333333333333,1,1,1,0,0,1,1,1,1,0,1,0,0,1,1,1,1,0,0,1,1,1,1,1,0,0,1,1,0,0,0,1,0,0,0,0,0,1,"Adri",8193,"male",17,"secondary",NA,"Yes","Not Really","Yes, from the beginning","Disagree","Disagree","n/a","Agree","Disagree","Disagree","Greenhouse Effect","Italy","Solar energy","Kyoto Protocol","2015-12-22 14:14:10","2015-12-22 14:26:55",1,"2015-12-22 14:15:38",40,16,"true","false","false",5,0,2,"Eco-Impact","20%",16,10,1,"15-19"
"29",30,5,0,2,0,0,2,0,2,0,0,0,0.6,0.966091783079296,2,2.33333333333333,1.66666666666667,1,2.66666666666667,3.33333333333333,3.33333333333333,2.33333333333333,1.33333333333333,0.333333333333333,0,0,0,0,0,0,0,0,0,0,1,0,0,1,0,0,0,0,0,1,0,0,1,0,0,0,0,0,1,0,1,1,0,1,0,1,1,1,"Trico",8110,"male",29,"none",NA,"No","Somewhat","No, after a few rounds","My contribution should not depend on this","My contribution should not depend on this","Agree","Agree","Disagree","Agree","Greenhouse Effect","Italy","Solar energy","Kyoto Protocol","2015-12-22 14:14:21","2015-12-22 14:27:00",1,"2015-12-22 14:17:11",20,14,"true","false","false",5,0,4,"Carbon footprint","15%",14,10,0,"25-29"
"30",31,5,2,0,0,0,4,4,4,2,0,0,1.6,1.83787316694536,2,2.33333333333333,1.66666666666667,1,2.66666666666667,3.33333333333333,3.33333333333333,2.33333333333333,1.33333333333333,0.333333333333333,1,0,0,0,1,1,1,0,0,0,0,0,0,1,1,1,0,0,0,1,0,0,1,0,0,1,0,0,0,1,1,1,0,0,0,0,1,1,"Skrymex",8290,"male",17,"primary",NA,"No","Somewhat","Yes, after a few rounds","My contribution should not depend on this","My contribution should not depend on this","Agree","Disagree","Agree","Disagree","Greenhouse Effect","U.S","Solar energy","Kyoto Protocol","2015-12-22 14:17:17","2015-12-22 14:28:31",1,"2015-12-22 14:18:49",60,44,"true","false","true",5,0,3,"Carbon footprint","20%",44,10,0,"15-19"
"31",32,6,2,2,2,4,2,2,2,2,2,4,2.4,0.843274042711568,1.66666666666667,1.33333333333333,2.66666666666667,2,1.66666666666667,1.66666666666667,3,1.33333333333333,2.33333333333333,3,1,1,0,1,1,1,0,1,0,1,1,1,1,1,1,1,0,1,1,0,0,1,1,0,0,0,0,1,0,0,0,0,0,0,0,0,0,0,"Lluna",8193,"female",17,"secondary",NA,"No","Very Much","No, from the beginning","Disagree","Agree","n/a","Agree","Agree","Disagree","Greenhouse Effect","Italy","Solar energy","Kyoto Protocol","2015-12-22 14:31:25","2015-12-22 14:45:55",1,"2015-12-22 14:31:36",30,6,"true","false","false",6,0,1,"Carbon footprint","20%",6,9,1,"15-19"
"32",33,6,4,4,4,4,4,4,4,4,4,4,4,0,1.66666666666667,1.33333333333333,2.66666666666667,2,1.66666666666667,1.66666666666667,3,1.33333333333333,2.33333333333333,3,1,1,1,1,1,1,1,1,1,1,1,1,1,1,1,1,1,1,1,0,0,0,0,0,0,0,0,0,0,0,0,0,0,0,0,0,0,0,"Heras",8197,"male",17,"primary",NA,"No","Somewhat","Yes, after a few rounds","My contribution should not depend on this","My contribution should not depend on this","Agree","Disagree","Agree","Agree","Greenhouse Effect","Italy","Solar energy","Kyoto Protocol","2015-12-22 14:31:32","2015-12-22 14:48:40",1,"2015-12-22 14:31:41",60,20,"true","false","false",6,0,5,"Individual gas fee","20%",20,10,0,"15-19"
"33",34,6,0,0,0,0,0,0,0,0,0,2,0.2,0.632455532033676,1.66666666666667,1.33333333333333,2.66666666666667,2,1.66666666666667,1.66666666666667,3,1.33333333333333,2.33333333333333,3,0,0,0,0,0,0,0,0,0,0,0,0,0,0,0,0,0,0,0,0,0,0,0,0,0,0,0,0,1,1,1,1,1,1,1,1,1,0,"Mekii",8820,"female",17,"bachillerat",NA,"No","Somewhat","No, after a few rounds","n/a","My contribution should not depend on this","Agree","n/a","Agree","n/a","Greenhouse Effect","Italy","Oil","Treaty of Versailles","2015-12-22 14:34:21","2015-12-22 14:48:16",1,"2015-12-22 14:36:48",40,38,"true","true","true",6,0,3,"Reduced environmental cost","5%",38,10,0,"15-19"
"34",35,6,2,2,4,2,4,2,4,2,4,4,3,1.05409255338946,1.66666666666667,1.33333333333333,2.66666666666667,2,1.66666666666667,1.66666666666667,3,1.33333333333333,2.33333333333333,3,1,1,1,1,1,1,1,1,1,1,1,1,0,1,1,1,0,1,1,0,0,1,1,0,0,1,0,0,0,0,0,0,0,0,0,0,0,0,"Celiamp",8024,"female",16,"primary",NA,"No","Very Much","No, after a few rounds","Disagree","Disagree","n/a","n/a","Agree","n/a","Greenhouse Effect","U.S","Solar energy","Kyoto Protocol","2015-12-22 14:34:26","2015-12-22 14:45:51",1,"2015-12-22 14:36:58",40,10,"true","false","true",6,0,6,"Carbon footprint","5%",10,10,0,"15-19"
"35",36,6,2,0,4,0,0,0,4,0,2,0,1.2,1.68654808542314,1.66666666666667,1.33333333333333,2.66666666666667,2,1.66666666666667,1.66666666666667,3,1.33333333333333,2.33333333333333,3,1,0,1,0,0,0,1,0,0,0,0,1,0,0,0,1,0,1,0,1,1,1,0,0,1,1,1,0,0,1,0,1,1,1,0,1,0,1,"Nuriam",8031,"female",17,"primary",NA,"No","Very Much","Yes, after a few rounds","Disagree","Disagree","Agree","Disagree","Agree","Disagree","Greenhouse Effect","China","Solar energy","Schengen Agreement","2015-12-22 14:34:34","2015-12-22 14:48:09",1,"2015-12-22 14:38:23",50,38,"true","true","true",6,0,2,"Eco-Impact","15%",38,10,0,"15-19"
"36",37,6,0,0,2,2,0,2,4,0,2,4,1.6,1.57762127549323,1.66666666666667,1.33333333333333,2.66666666666667,2,1.66666666666667,1.66666666666667,3,1.33333333333333,2.33333333333333,3,0,0,0,1,0,1,1,0,0,1,0,1,0,0,1,1,0,1,1,0,1,0,1,1,0,1,1,1,1,1,0,0,1,0,0,1,0,0,"Marcb",8100,"male",16,"primary",NA,"No","Very Much","Yes, after a few rounds","Disagree","Agree","Agree","Disagree","Agree","Disagree","Greenhouse Effect","Italy","Solar energy","Kyoto Protocol","2015-12-22 14:35:01","2015-12-22 14:46:06",1,"2015-12-22 14:37:30",20,4,"true","false","false",6,0,4,"Individual gas fee","5%",4,10,0,"15-19"
"37",38,7,2,4,4,4,2,4,2,4,0,4,3,1.4142135623731,2,2.66666666666667,2.33333333333333,4,2.66666666666667,3,2,1,2,0.666666666666667,1,1,1,1,0,1,1,1,0,1,1,1,1,0,1,0,1,0,1,1,0,0,1,1,1,1,1,1,0,0,0,0,0,0,0,0,1,0,"Raboa",8006,"female",39,"prof",NA,"No","Somewhat","Yes, after a few rounds","Disagree","Agree","n/a","Disagree","Disagree","Agree","Greenhouse Effect","Italy","Solar energy","Kyoto Protocol","2015-12-22 14:55:59","2015-12-22 15:09:03",1,"2015-12-22 14:57:41",50,20,"true","true","true",7,0,3,"Carbon footprint","5%",20,10,0,"35-39"
"38",39,7,2,2,0,4,4,2,0,2,2,0,1.8,1.47572957474524,2,2.66666666666667,2.33333333333333,4,2.66666666666667,3,2,1,2,0.666666666666667,1,0,0,1,1,0,0,1,1,0,1,0,1,1,0,0,1,1,0,1,0,1,1,1,0,1,0,1,0,0,1,0,0,0,1,0,0,1,"Marta",8017,"male",23,"prof",NA,"No","Somewhat","Yes, from the beginning","My contribution should not depend on this","Disagree","n/a","Agree","Disagree","Disagree","Greenhouse Effect","U.S","Solar energy","Kyoto Protocol","2015-12-22 14:56:16","2015-12-22 15:11:24",1,"2015-12-22 14:56:43",40,22,"true","false","false",7,0,5,"Individual gas fee","15%",22,10,0,"20-24"
"39",40,7,2,0,4,4,4,2,4,0,2,0,2.2,1.75119007154183,2,2.66666666666667,2.33333333333333,4,2.66666666666667,3,2,1,2,0.666666666666667,1,0,1,1,1,0,1,0,1,0,0,1,1,1,0,1,0,1,0,1,1,0,1,1,1,1,1,1,0,1,0,0,0,0,0,1,0,1,"Agusaradarousi",8017,"female",30,"primary",NA,"No","Very Much","Yes, after a few rounds","My contribution should not depend on this","My contribution should not depend on this","n/a","Disagree","Agree","Agree","Greenhouse Effect","Italy","Solar energy","Kyoto Protocol","2015-12-22 14:57:06","2015-12-22 15:10:36",1,"2015-12-22 15:01:01",40,18,"true","false","false",7,0,4,"Carbon footprint","20%",18,10,0,"30-34"
"40",41,7,2,4,0,4,2,4,4,0,4,0,2.4,1.83787316694536,2,2.66666666666667,2.33333333333333,4,2.66666666666667,3,2,1,2,0.666666666666667,1,1,0,1,0,1,1,0,1,0,1,0,1,0,1,1,0,1,0,1,1,1,1,1,0,1,1,1,0,0,1,0,0,0,0,1,0,1,"Ana",8012,"female",24,"prof",NA,"No","Somewhat","Yes, from the beginning","My contribution should not depend on this","My contribution should not depend on this","n/a","Agree","Disagree","Agree","Greenhouse Effect","Italy","Solar energy","Kyoto Protocol","2015-12-22 14:57:12","2015-12-22 15:11:23",1,"2015-12-22 14:57:45",60,36,"true","false","false",7,0,2,"Carbon footprint","15%",36,10,0,"20-24"
"41",42,7,0,4,4,4,2,2,2,0,2,0,2,1.63299316185545,2,2.66666666666667,2.33333333333333,4,2.66666666666667,3,2,1,2,0.666666666666667,0,1,1,1,0,0,1,0,1,0,1,1,1,0,0,0,0,1,0,1,0,0,1,0,0,1,1,1,1,0,0,0,0,0,0,1,0,1,"Troc",8025,"male",28,"prof",NA,"No","Somewhat","No, from the beginning","Disagree","Disagree","Agree","Agree","Disagree","Disagree","Greenhouse Effect","U.S","Solar energy","Kyoto Protocol","2015-12-22 14:57:41","2015-12-22 15:09:29",1,"2015-12-22 14:59:10",20,0,"true","false","false",7,0,6,"Carbon footprint","15%",0,10,0,"25-29"
"42",43,7,4,2,2,4,2,4,0,0,2,0,2,1.63299316185545,2,2.66666666666667,2.33333333333333,4,2.66666666666667,3,2,1,2,0.666666666666667,1,0,0,1,0,1,0,0,1,0,1,0,1,0,1,0,0,1,0,1,0,1,1,1,1,0,1,1,0,0,0,0,0,0,1,1,0,1,"Marc",8017,"male",25,"prof",NA,"No","Very Much","Yes, from the beginning","Disagree","My contribution should not depend on this","Disagree","Agree","n/a","Agree","Greenhouse Effect","U.S","Solar energy","Kyoto Protocol","2015-12-22 14:58:39","2015-12-22 15:10:12",1,"2015-12-22 15:00:43",30,10,"true","true","true",7,0,1,"Carbon footprint","20%",10,10,1,"25-29"
"43",44,8,2,2,2,2,2,2,4,0,2,4,2.2,1.13529242439509,2.66666666666667,3,3,3,2.66666666666667,2.33333333333333,2,0.666666666666667,1.33333333333333,1.33333333333333,0,0,0,0,0,0,1,0,1,1,0,0,0,0,0,1,0,1,1,0,0,0,0,0,1,1,1,0,0,0,0,0,0,0,0,1,0,0,"Neus",8034,"female",15,"none",NA,"No","Somewhat","No, from the beginning","My contribution should not depend on this","My contribution should not depend on this","Agree","Agree","n/a","Disagree","Greenhouse Effect","U.S","Solar energy","Declaration of Helsinki","2015-12-22 15:34:38","2015-12-22 15:51:58",1,"2015-12-22 15:35:16",60,38,"true","false","true",8,0,4,"Carbon footprint","20%",38,10,0,"15-19"
"44",45,8,0,0,2,0,0,2,0,0,0,0,0.4,0.843274042711568,2.66666666666667,3,3,3,2.66666666666667,2.33333333333333,2,0.666666666666667,1.33333333333333,1.33333333333333,0,0,0,0,0,0,0,0,0,0,0,0,0,0,0,0,0,0,0,0,0,0,0,0,0,0,0,0,1,1,0,1,1,0,1,1,1,1,"Jordi98",8195,"male",17,"primary",NA,"No","Somewhat","No, from the beginning","My contribution should not depend on this","My contribution should not depend on this","Agree","Disagree","Disagree","Disagree","Greenhouse Effect","Italy","Solar energy","Treaty of Versailles","2015-12-22 15:35:00","2015-12-22 15:50:05",1,"2015-12-22 15:40:40",40,36,"true","false","true",8,0,6,"Carbon footprint","20%",36,10,0,"15-19"
"45",46,8,2,4,2,4,2,0,2,0,4,0,2,1.63299316185545,2.66666666666667,3,3,3,2.66666666666667,2.33333333333333,2,0.666666666666667,1.33333333333333,1.33333333333333,0,1,0,1,0,0,1,0,1,0,1,0,1,0,0,0,0,1,0,1,1,1,1,0,0,1,1,1,0,0,0,0,0,1,0,1,0,1,"Anna",8017,"female",15,"primary",NA,"No","Very Much","Yes, after a few rounds","My contribution should not depend on this","My contribution should not depend on this","n/a","Disagree","Agree","Disagree","Greenhouse Effect","China","Solar energy","Kyoto Protocol","2015-12-22 15:36:20","2015-12-22 15:53:55",1,"2015-12-22 15:41:52",20,0,"true","false","false",8,0,2,"Individual gas fee","20%",0,10,0,"15-19"
"46",47,8,4,4,4,4,4,4,2,2,2,4,3.4,0.966091783079296,2.66666666666667,3,3,3,2.66666666666667,2.33333333333333,2,0.666666666666667,1.33333333333333,1.33333333333333,1,1,1,1,1,1,1,1,1,1,1,1,1,1,1,0,1,1,1,0,0,0,0,0,1,1,0,0,0,0,0,0,0,0,0,0,0,0,"Ferran",8013,"male",32,"bachillerat",NA,"No","Very Much","Yes, from the beginning","Disagree","My contribution should not depend on this","n/a","Agree","Agree","Agree","Greenhouse Effect","Italy","Solar energy","Kyoto Protocol","2015-12-22 15:36:30","2015-12-22 15:52:11",1,"2015-12-22 15:40:50",50,16,"true","true","true",8,0,3,"Carbon footprint","15%",16,10,0,"30-34"
"47",48,8,4,4,4,4,4,4,2,2,0,0,2.8,1.68654808542314,2.66666666666667,3,3,3,2.66666666666667,2.33333333333333,2,0.666666666666667,1.33333333333333,1.33333333333333,1,1,1,1,1,1,1,1,0,0,1,1,1,1,1,0,1,0,0,0,0,0,0,0,1,1,1,0,0,0,0,0,0,0,0,0,1,1,"Alvaro",8034,"male",27,"prof",NA,"No","Very Much","Yes, after a few rounds","Disagree","My contribution should not depend on this","n/a","Disagree","n/a","n/a","Greenhouse Effect","Italy","Solar energy","Kyoto Protocol","2015-12-22 15:37:06","2015-12-22 15:51:14",1,"2015-12-22 15:38:48",30,2,"true","false","false",8,0,1,"Carbon footprint","15%",2,10,1,"25-29"
"48",49,8,4,4,4,4,4,2,2,0,0,0,2.4,1.83787316694536,2.66666666666667,3,3,3,2.66666666666667,2.33333333333333,2,0.666666666666667,1.33333333333333,1.33333333333333,1,1,1,1,1,0,1,0,0,0,1,1,1,1,0,0,0,0,0,0,0,0,0,1,0,1,0,0,0,0,0,0,0,0,0,1,1,1,"Belenda",8017,"female",18,"secondary",NA,"No","Very Much","Yes, from the beginning","Disagree","My contribution should not depend on this","Agree","Agree","Disagree","n/a","Greenhouse Effect","Italy","Solar energy","Kyoto Protocol","2015-12-22 15:37:47","2015-12-22 15:50:22",1,"2015-12-22 15:41:35",40,16,"true","false","true",8,0,5,"Individual gas fee","15%",16,10,0,"15-19"
"49",50,9,2,2,0,4,0,2,4,2,0,4,2,1.63299316185545,2.66666666666667,2,2,2,2.33333333333333,1.66666666666667,3,1,2.33333333333333,3.33333333333333,0,1,0,1,0,1,1,1,0,1,0,0,1,0,0,1,0,0,1,0,1,1,1,0,0,1,1,1,0,0,1,0,1,0,0,0,1,0,"Nat67",8017,"female",48,"prof",NA,"No","Somewhat","Yes, after a few rounds","My contribution should not depend on this","Disagree","Agree","Agree","Agree","Agree","Greenhouse Effect","Italy","Nuclear energy","Kyoto Protocol","2015-12-22 16:05:43","2015-12-22 16:26:42",1,"2015-12-22 16:08:26",20,0,"true","false","false",9,0,2,"Carbon footprint","20%",0,10,0,"45-49"
"50",51,9,4,2,4,2,4,2,4,0,4,4,3,1.4142135623731,2.66666666666667,2,2,2,2.33333333333333,1.66666666666667,3,1,2.33333333333333,3.33333333333333,1,1,1,1,1,1,1,0,1,1,0,1,1,1,0,1,0,1,1,1,1,1,1,1,0,1,1,0,0,0,0,0,0,0,0,1,0,0,"Viajero",8017,"male",45,"bachillerat",NA,"No","Not Really","No, after a few rounds","My contribution should not depend on this","My contribution should not depend on this","Agree","n/a","Agree","Agree","Greenhouse Effect","Italy","Solar energy","Kyoto Protocol","2015-12-22 16:09:39","2015-12-22 16:28:54",1,"2015-12-22 16:14:07",40,10,"true","true","false",9,0,5,"Carbon footprint","5%",10,10,0,"45-49"
"51",52,9,4,2,4,0,0,0,0,0,0,2,1.2,1.68654808542314,2.66666666666667,2,2,2,2.33333333333333,1.66666666666667,3,1,2.33333333333333,3.33333333333333,1,1,1,0,0,0,0,0,0,0,0,1,0,0,0,0,0,0,0,1,1,1,0,0,0,0,0,0,0,0,0,1,1,1,1,1,1,0,"Guillermo",8022,"male",26,"bachillerat",NA,"No","Somewhat","No, from the beginning","My contribution should not depend on this","My contribution should not depend on this","n/a","n/a","n/a","Agree","Greenhouse Effect","Italy","Solar energy","Kyoto Protocol","2015-12-22 16:12:09","2015-12-22 16:26:57",1,"2015-12-22 16:14:02",30,18,"true","false","false",9,0,6,"Individual gas fee","15%",18,10,0,"25-29"
"52",53,9,2,0,0,2,4,2,4,2,4,4,2.4,1.57762127549323,2.66666666666667,2,2,2,2.33333333333333,1.66666666666667,3,1,2.33333333333333,3.33333333333333,0,0,0,1,1,1,1,1,1,1,0,0,1,1,0,1,0,1,1,0,0,1,1,1,0,1,0,0,0,1,1,0,0,0,0,0,0,0,"Carla",8758,"female",16,"primary",NA,"No","Not Really","No, after a few rounds","My contribution should not depend on this","My contribution should not depend on this","n/a","n/a","n/a","n/a","Greenhouse Effect","China","Solar energy","Kyoto Protocol","2015-12-22 16:13:18","2015-12-22 16:25:20",1,"2015-12-22 16:14:47",40,16,"true","false","false",9,0,3,"Individual gas fee","15%",16,10,0,"15-19"
"53",54,9,2,2,0,2,4,0,2,0,2,2,1.6,1.26491106406735,2.66666666666667,2,2,2,2.33333333333333,1.66666666666667,3,1,2.33333333333333,3.33333333333333,0,1,0,1,1,0,0,0,0,0,0,0,1,1,0,1,0,1,0,0,1,1,1,1,1,0,1,0,0,0,1,0,0,1,0,1,0,0,"Pachu",8034,"female",22,"primary",NA,"No","Very Much","Yes, after a few rounds","My contribution should not depend on this","Disagree","n/a","n/a","Agree","Disagree","Greenhouse Effect","China","Nuclear energy","Kyoto Protocol","2015-12-22 16:15:24","2015-12-22 16:27:50",1,"2015-12-22 16:17:59",60,44,"true","false","false",9,0,1,"Carbon footprint","5%",44,10,0,"20-24"
"54",55,9,2,4,4,2,2,4,4,2,4,4,3.2,1.03279555898864,2.66666666666667,2,2,2,2.33333333333333,1.66666666666667,3,1,2.33333333333333,3.33333333333333,0,1,1,1,0,1,1,1,1,1,1,1,1,1,1,1,0,1,1,1,0,1,1,1,0,1,0,0,0,0,0,0,0,0,0,0,0,0,"Axeliu",8017,"male",17,"primary",NA,"No","Somewhat","Yes, from the beginning","Agree","Agree","n/a","Agree","n/a","n/a","Greenhouse Effect","Italy","Nuclear energy","Kyoto Protocol","2015-12-22 16:16:28","2015-12-22 16:26:02",1,"2015-12-22 16:17:34",50,18,"true","false","false",9,0,4,"Reduced environmental cost","15%",18,10,1,"15-19"
"55",56,10,2,4,2,4,4,0,4,0,0,0,2,1.88561808316413,2.66666666666667,2.33333333333333,2.66666666666667,3.33333333333333,3,2.33333333333333,2.33333333333333,1.66666666666667,0,0,0,1,0,1,1,0,1,0,1,1,1,0,1,1,0,1,0,0,1,1,1,1,0,1,1,1,0,1,0,0,0,0,0,1,0,1,1,1,"Ant",8006,"female",17,"primary",NA,"No","Somewhat","Yes, after a few rounds","My contribution should not depend on this","My contribution should not depend on this","Disagree","Disagree","n/a","n/a","Greenhouse Effect","Italy","Solar energy","Kyoto Protocol","2015-12-22 16:46:58","2015-12-22 16:58:54",1,"2015-12-22 16:49:34",40,20,"true","false","true",10,0,4,"Carbon footprint","20%",20,10,0,"15-19"
"56",57,10,2,2,4,4,2,2,0,2,0,0,1.8,1.47572957474524,2.66666666666667,2.33333333333333,2.66666666666667,3.33333333333333,3,2.33333333333333,2.33333333333333,1.66666666666667,0,0,0,0,1,1,0,0,0,1,1,1,0,1,1,0,0,0,0,0,1,0,1,0,1,0,0,0,1,1,0,0,0,0,0,0,1,0,1,1,"Maria",8006,"female",17,"secondary",NA,"No","Somewhat","Yes, after a few rounds","My contribution should not depend on this","Agree","n/a","Agree","Agree","Agree","Greenhouse Effect","Italy","Solar energy","Schengen Agreement","2015-12-22 16:47:09","2015-12-22 16:59:45",1,"2015-12-22 16:48:59",40,22,"true","true","true",10,0,5,"Carbon footprint","15%",22,10,0,"15-19"
"57",58,10,2,4,4,2,2,4,2,0,0,0,2,1.63299316185545,2.66666666666667,2.33333333333333,2.66666666666667,3.33333333333333,3,2.33333333333333,2.33333333333333,1.66666666666667,0,0,0,1,1,0,0,1,0,0,1,1,1,1,0,0,1,0,0,0,1,1,0,1,0,1,1,0,0,1,0,0,0,0,0,0,0,1,1,1,"Irina",8006,"female",17,"primary",NA,"No","Somewhat","Yes, after a few rounds","My contribution should not depend on this","My contribution should not depend on this","n/a","Agree","n/a","n/a","Greenhouse Effect","China","Solar energy","Kyoto Protocol","2015-12-22 16:47:27","2015-12-22 16:59:45",1,"2015-12-22 16:48:28",30,10,"true","false","false",10,0,1,"Eco-Impact","5%",10,10,0,"15-19"
"58",59,10,4,4,2,2,2,2,2,2,0,0,2,1.33333333333333,2.66666666666667,2.33333333333333,2.66666666666667,3.33333333333333,3,2.33333333333333,2.33333333333333,1.66666666666667,0,0,1,1,0,0,0,0,0,1,1,1,1,0,0,0,0,0,0,0,1,0,1,0,0,0,0,0,1,1,0,0,0,0,0,0,0,0,1,1,"Paloma",8034,"female",44,"secondary",NA,"No","Somewhat","No, after a few rounds","Disagree","n/a","n/a","n/a","n/a","n/a","Greenhouse Effect","Italy","Solar energy","Kyoto Protocol","2015-12-22 16:47:44","2015-12-22 16:59:38",1,"2015-12-22 16:51:03",20,0,"true","true","false",10,0,2,"Carbon footprint","5%",0,10,0,"40-44"
"59",60,10,2,0,4,4,4,2,4,4,0,0,2.4,1.83787316694536,2.66666666666667,2.33333333333333,2.66666666666667,3.33333333333333,3,2.33333333333333,2.33333333333333,1.66666666666667,0,0,0,0,1,1,1,0,1,1,1,1,0,1,1,1,0,1,1,0,1,0,1,0,0,1,1,0,1,1,0,1,0,0,0,0,0,0,1,1,"Monica",8023,"female",20,"secondary",NA,"No","Very Much","Yes, after a few rounds","My contribution should not depend on this","My contribution should not depend on this","n/a","Agree","Disagree","Disagree","Greenhouse Effect","Italy","Solar energy","Kyoto Protocol","2015-12-22 16:48:04","2015-12-22 16:59:15",1,"2015-12-22 16:48:26",60,36,"true","false","false",10,0,3,"Carbon footprint","2%",36,10,1,"20-24"
"60",61,10,4,0,0,4,4,4,2,2,0,0,2,1.88561808316413,2.66666666666667,2.33333333333333,2.66666666666667,3.33333333333333,3,2.33333333333333,2.33333333333333,1.66666666666667,0,0,1,0,0,1,1,1,0,1,1,1,0,0,1,1,1,0,0,0,1,1,0,1,0,0,1,0,1,1,0,1,1,0,0,0,0,0,1,1,"Pau",8840,"male",26,"univ",NA,"No","Very Much","Yes, from the beginning","My contribution should not depend on this","My contribution should not depend on this","Agree","Agree","Disagree","Disagree","Greenhouse Effect","Italy","Solar energy","Declaration of Helsinki","2015-12-22 16:48:13","2015-12-22 17:00:19",1,"2015-12-22 16:48:54",50,30,"true","false","true",10,0,6,"Individual gas fee","5%",30,10,0,"25-29"
"61",62,11,2,2,4,2,2,2,2,2,2,2,2.2,0.632455532033676,2.33333333333333,2.66666666666667,2,2,2,2.33333333333333,3,3,2,1.66666666666667,0,0,1,1,1,0,0,0,1,1,0,1,1,1,1,0,0,0,1,0,1,1,1,1,0,0,0,1,0,0,0,0,0,0,0,0,0,0,"Saskia",8034,"female",14,"none",NA,"No","Very Much","Yes, after a few rounds","My contribution should not depend on this","My contribution should not depend on this","n/a","n/a","n/a","Agree","Greenhouse Effect","Italy","Solar energy","Treaty of Versailles","2015-12-22 17:05:06","2015-12-22 17:18:40",1,"2015-12-22 17:08:31",50,28,"true","false","false",11,0,3,"Individual gas fee","15%",28,10,0,"10-14"
"62",63,11,2,2,4,0,2,0,4,2,2,0,1.8,1.47572957474524,2.33333333333333,2.66666666666667,2,2,2,2.33333333333333,3,3,2,1.66666666666667,0,0,1,0,1,0,1,0,1,0,0,1,0,1,0,1,0,0,0,0,1,1,1,1,1,1,0,1,0,0,0,1,0,1,0,0,0,1,"Millie",8013,"female",15,"none",NA,"No","Very Much","Yes, after a few rounds","Disagree","Disagree","Agree","Agree","Agree","Agree","Doppler Effect","China","Oil","Kyoto Protocol","2015-12-22 17:06:02","2015-12-22 17:21:15",1,"2015-12-22 17:06:20",40,22,"true","false","false",11,0,2,"Eco-Impact","20%",22,10,1,"15-19"
"63",64,11,2,4,0,2,0,4,0,4,0,2,1.8,1.75119007154183,2.33333333333333,2.66666666666667,2,2,2,2.33333333333333,3,3,2,1.66666666666667,0,1,0,1,0,1,0,1,0,1,1,0,1,0,1,0,1,0,1,1,1,1,1,1,1,1,1,1,0,0,1,0,1,0,1,0,1,0,"Marteta",8034,"female",22,"prof",NA,"No","Very Much","No, from the beginning","My contribution should not depend on this","My contribution should not depend on this","Agree","n/a","Agree","Agree","Greenhouse Effect","China","Solar energy","Kyoto Protocol","2015-12-22 17:06:11","2015-12-22 17:19:25",1,"2015-12-22 17:09:17",20,2,"true","false","false",11,0,5,"Individual gas fee","15%",2,10,0,"20-24"
"64",65,11,2,2,0,2,4,2,4,4,0,0,2,1.63299316185545,2.33333333333333,2.66666666666667,2,2,2,2.33333333333333,3,3,2,1.66666666666667,0,0,0,1,1,0,1,1,0,0,0,0,1,1,1,1,1,0,0,0,0,1,1,1,1,0,1,0,0,0,1,0,0,0,0,0,1,1,"Ari",8006,"female",14,"primary",NA,"No","Very Much","Yes, after a few rounds","My contribution should not depend on this","My contribution should not depend on this","Agree","Agree","Agree","Agree","Greenhouse Effect","Italy","Solar energy","Kyoto Protocol","2015-12-22 17:06:34","2015-12-22 17:21:36",1,"2015-12-22 17:10:00",40,20,"true","false","false",11,0,4,"Individual gas fee","2%",20,10,0,"10-14"
"65",66,11,2,4,0,4,4,2,4,2,4,4,3,1.4142135623731,2.33333333333333,2.66666666666667,2,2,2,2.33333333333333,3,3,2,1.66666666666667,0,1,0,1,1,0,1,0,1,1,1,0,1,1,1,1,0,1,1,1,1,1,0,1,1,1,1,0,0,0,1,0,0,0,0,0,0,0,"Segu",803,"male",22,"secondary",NA,"No","Very Much","Yes, from the beginning","Disagree","Disagree","Agree","Agree","Disagree","Disagree","Greenhouse Effect","U.S","Nuclear energy","Kyoto Protocol","2015-12-22 17:07:20","2015-12-22 17:20:26",1,"2015-12-22 17:10:37",30,0,"true","false","false",11,0,1,"Carbon footprint","5%",0,10,0,"20-24"
"66",67,11,4,2,4,2,0,4,4,4,4,2,3,1.4142135623731,2.33333333333333,2.66666666666667,2,2,2,2.33333333333333,3,3,2,1.66666666666667,1,0,1,1,0,1,1,1,1,1,0,1,1,0,1,1,1,1,1,1,1,1,1,1,0,0,0,1,0,0,0,0,1,0,0,0,0,0,"Clara",8022,"male",19,"prof",NA,"No","Very Much","Yes, after a few rounds","My contribution should not depend on this","My contribution should not depend on this","n/a","Disagree","Agree","Disagree","Greenhouse Effect","Italy","Solar energy","Kyoto Protocol","2015-12-22 17:07:41","2015-12-22 17:19:31",1,"2015-12-22 17:10:05",60,30,"true","false","false",11,0,6,"Carbon footprint","15%",30,10,0,"15-19"
"67",68,12,2,2,2,0,4,2,2,0,0,0,1.4,1.34989711542111,0.666666666666667,2.33333333333333,2.33333333333333,0.666666666666667,3.33333333333333,2.66666666666667,2.33333333333333,0.666666666666667,0,1.33333333333333,1,0,0,0,1,0,0,0,1,0,1,0,0,1,0,0,0,0,1,0,0,0,1,1,0,0,0,1,0,0,0,1,0,0,0,1,1,1,"Prova1Prov",8010,"male",23,"secondary",NA,"","","","","","","","","","","","","","2015-12-23 14:34:21","",0,"2015-12-23 14:36:37",40,26,"true","false","false",12,0,5,"","",0,9,1,"20-24"
"68",69,12,0,2,0,0,0,2,2,0,0,0,0.6,0.966091783079296,0.666666666666667,2.33333333333333,2.33333333333333,0.666666666666667,3.33333333333333,2.66666666666667,2.33333333333333,0.666666666666667,0,1.33333333333333,0,0,0,0,0,0,0,0,1,0,1,0,0,0,0,0,0,0,1,1,0,0,0,0,0,0,0,1,1,0,1,1,1,0,0,1,1,1,"Prova2",8010,"male",99,"",NA,"","","","","","","","","","","","","","2015-12-23 14:35:11","",0,"2015-12-23 14:36:47",20,14,"true","true","false",12,0,1,"","",0,10,0,"80+"
"69",70,12,2,2,4,0,4,4,2,4,0,4,2.6,1.64654520469713,0.666666666666667,2.33333333333333,2.33333333333333,0.666666666666667,3.33333333333333,2.66666666666667,2.33333333333333,0.666666666666667,0,1.33333333333333,1,0,1,0,1,1,0,1,1,1,1,1,0,1,1,0,1,0,1,0,1,1,1,0,1,1,1,1,0,0,0,1,0,0,0,0,1,0,"Mario33",11111,"male",23,"bachillerat",NA,"","","","","","","","","","","","","","2015-12-23 14:35:28","",0,"2015-12-23 14:36:38",60,34,"true","false","false",12,0,2,"","",0,10,0,"20-24"
"70",71,12,0,2,0,0,4,2,2,0,0,0,1,1.4142135623731,0.666666666666667,2.33333333333333,2.33333333333333,0.666666666666667,3.33333333333333,2.66666666666667,2.33333333333333,0.666666666666667,0,1.33333333333333,0,0,0,0,1,0,0,0,1,0,1,0,0,1,0,0,0,0,1,1,0,0,1,1,0,0,0,1,1,0,1,1,0,0,0,1,1,1,"Mario34",11111,"male",26,"secondary",NA,"","","","","","","","","","","","","","2015-12-23 14:35:40","",0,"2015-12-23 14:36:39",30,20,"true","false","false",12,0,4,"","",0,10,0,"25-29"
"71",72,12,0,2,4,2,4,4,2,0,0,4,2.2,1.75119007154183,0.666666666666667,2.33333333333333,2.33333333333333,0.666666666666667,3.33333333333333,2.66666666666667,2.33333333333333,0.666666666666667,0,1.33333333333333,0,0,1,1,1,1,0,0,1,1,1,1,0,1,1,0,0,0,1,1,1,1,0,0,1,0,0,1,1,0,0,0,0,0,0,1,1,0,"Mario35",11111,"male",35,"secondary",NA,"","","","","","","","","","","","","","2015-12-23 14:35:56","",0,"2015-12-23 14:36:44",50,28,"true","false","false",12,0,3,"","",0,10,0,"35-39"
"72",73,12,0,4,4,2,4,2,4,0,0,0,2,1.88561808316413,0.666666666666667,2.33333333333333,2.33333333333333,0.666666666666667,3.33333333333333,2.66666666666667,2.33333333333333,0.666666666666667,0,1.33333333333333,0,1,1,1,1,0,1,0,1,0,1,1,0,1,0,1,0,0,1,1,0,1,0,1,1,1,0,1,1,0,0,0,0,0,0,1,1,1,"Mario36",11111,"male",45,"secondary",NA,"","","","","","","","","","","","","","2015-12-23 14:36:09","",0,"2015-12-23 14:36:41",40,20,"true","false","false",12,0,6,"","",0,10,0,"45-49"
"73",74,13,4,4,2,2,0,2,2,4,2,0,2.2,1.47572957474524,1.66666666666667,2,2,2.33333333333333,2.16666666666667,2.66666666666667,2.66666666666667,3,2.33333333333333,1,1,1,1,0,0,0,0,1,0,0,1,1,1,0,0,0,1,0,0,0,1,1,0,0,0,1,1,0,0,0,0,0,1,0,0,0,0,1,"Silvestre",8010,"male",52,"prof",NA,"Yes","Very Much","Yes, after a few rounds","My contribution should not depend on this","Disagree","Agree","Disagree","Agree","Disagree","Doppler Effect","Italy","Nuclear energy","Kyoto Protocol","2015-12-23 16:08:01","2015-12-23 16:32:50",1,"2015-12-23 16:09:18",50,28,"true","false","false",13,0,2,"Carbon footprint","5%",28,9,0,"50-54"
"74",75,13,0,0,2,2,0,2,2,4,2,0,1.4,1.34989711542111,1.66666666666667,2,2,2.33333333333333,2.16666666666667,2.66666666666667,2.66666666666667,3,2.33333333333333,1,0,0,1,0,0,0,0,1,0,0,0,1,1,0,0,0,1,0,0,0,1,1,0,0,0,1,1,0,1,1,0,0,1,0,0,0,0,1,"Anna15",8010,"female",15,"none",NA,"Yes, in previous ds experiments","Not Really","Yes, after a few rounds","My contribution should not depend on this","My contribution should not depend on this","Agree","Agree","Agree","Agree","Greenhouse Effect","Italy","Solar energy","Treaty of Versailles","2015-12-23 16:09:20","2015-12-23 16:31:36",1,"2015-12-23 16:13:10",20,6,"true","false","false",13,0,3,"Carbon footprint","15%",6,10,0,"15-19"
"75",76,13,0,0,0,0,2,0,0,0,0,0,0.2,0.632455532033676,1.66666666666667,2,2,2.33333333333333,2.16666666666667,2.66666666666667,2.66666666666667,3,2.33333333333333,1,0,0,0,0,0,0,0,0,0,0,0,0,0,0,0,0,0,0,0,0,0,0,0,0,0,0,0,0,1,1,1,1,0,1,1,1,1,1,"Martifutsal9",8010,"male",13,"primary",NA,"Yes","Somewhat","Yes, from the beginning","Agree","Agree","Agree","Agree","Agree","Agree","Faraday Effect","Italy","Nuclear energy","Treaty of Versailles","2015-12-23 16:13:04","2015-12-23 16:30:38",1,"2015-12-23 16:16:23",30,28,"true","false","false",13,0,4,"Individual gas fee","5%",28,10,0,"10-14"
"76",77,13,2,4,4,4,4,4,4,4,2,0,3.2,1.3984117975602,1.66666666666667,2,2,2.33333333333333,2.16666666666667,2.66666666666667,2.66666666666667,3,2.33333333333333,1,1,1,1,1,1,1,1,1,0,0,1,1,1,1,1,1,1,0,0,0,0,0,0,0,0,0,1,0,0,0,0,0,0,0,0,0,0,1,"AlbertZero",8027,"male",24,"prof",NA,"No","Somewhat","Yes, from the beginning","My contribution should not depend on this","My contribution should not depend on this","Agree","Agree","Disagree","Agree","Greenhouse Effect","Italy","Solar energy","Kyoto Protocol","2015-12-23 16:13:05","2015-12-23 16:29:48",1,"2015-12-23 16:17:55",40,8,"true","true","true",13,0,6,"Reduced environmental cost","15%",8,10,0,"20-24"
"77",78,13,2,2,2,4,4,4,4,2,4,2,3,1.05409255338946,1.66666666666667,2,2,2.33333333333333,2.16666666666667,2.66666666666667,2.66666666666667,3,2.33333333333333,1,1,1,1,1,1,1,1,0,1,1,1,1,1,1,1,1,0,1,0,0,1,1,0,0,0,1,1,1,0,0,0,0,0,0,0,0,0,0,"Txeta",8025,"female",37,"prof",NA,"No","Very Much","Yes, after a few rounds","Disagree","Agree","Agree","Agree","Agree","n/a","Greenhouse Effect","U.S","Solar energy","Kyoto Protocol","2015-12-23 16:13:12","2015-12-23 16:29:44",1,"2015-12-23 16:18:38",40,10,"true","false","false",13,0,5,"Individual gas fee","5%",10,10,0,"35-39"
"78",79,13,2,2,2,2,3,4,4,4,4,4,3.1,0.994428926011753,1.66666666666667,2,2,2.33333333333333,2.16666666666667,2.66666666666667,2.66666666666667,3,2.33333333333333,1,1,1,1,0,1,1,1,1,1,1,1,1,1,1,1,1,1,1,1,0,1,1,1,0,0,0,0,0,0,0,0,0,0,0,0,0,0,0,"Pelli",8018,"male",38,"bachillerat",NA,"","","","","","","","","","","","","","2015-12-23 16:13:18","",0,"2015-12-23 16:16:14",60,29,"true","false","false",13,0,1,"","",0,2,1,"35-39"
"79",81,14,0,0,2,4,4,2,2,4,4,0,2.2,1.75119007154183,2,1.66666666666667,2,2,2,2,2,2.33333333333333,2.33333333333333,1.33333333333333,0,0,1,1,1,1,1,1,1,0,0,1,1,1,1,1,1,1,0,0,1,1,0,1,1,1,0,1,1,1,0,0,0,0,0,0,0,1,"Ignasi",8912,"male",34,"prof",NA,"No","Not Really","Yes, from the beginning","Disagree","Agree","Agree","Agree","Agree","Agree","Greenhouse Effect","Italy","Carbon","Kyoto Protocol","2015-12-23 16:37:36","2015-12-23 16:54:04",1,"2015-12-23 16:39:11",40,18,"true","false","true",14,0,5,"Carbon footprint","15%",18,10,0,"30-34"
"80",82,14,2,4,4,0,0,2,2,0,2,0,1.6,1.57762127549323,2,1.66666666666667,2,2,2,2,2,2.33333333333333,2.33333333333333,1.33333333333333,1,1,1,0,0,1,1,0,0,0,1,1,0,0,1,1,0,0,0,1,0,1,0,1,1,1,0,0,0,0,0,1,1,0,0,1,0,1,"Mariatt",8018,"female",43,"prof",NA,"No","Not at all","Yes, after a few rounds","My contribution should not depend on this","My contribution should not depend on this","Agree","Agree","Agree","Disagree","Greenhouse Effect","Italy","Carbon","Kyoto Protocol","2015-12-23 16:39:28","2015-12-23 16:52:26",1,"2015-12-23 16:39:48",30,14,"true","false","false",14,0,1,"Eco-Impact","15%",14,10,0,"40-44"
"81",83,14,4,0,2,2,2,0,2,2,2,0,1.6,1.26491106406735,2,1.66666666666667,2,2,2,2,2,2.33333333333333,2.33333333333333,1.33333333333333,1,0,1,1,1,0,1,0,0,0,0,1,1,1,0,1,1,0,0,1,1,1,1,1,1,1,0,0,0,1,0,0,0,1,0,0,0,1,"ArnauBV",8005,"male",13,"primary",NA,"No","Somewhat","Yes, after a few rounds","My contribution should not depend on this","My contribution should not depend on this","Agree","Agree","n/a","Agree","Faraday Effect","U.S","Solar energy","Declaration of Helsinki","2015-12-23 16:39:34","2015-12-23 16:54:09",1,"2015-12-23 16:41:51",40,24,"true","false","false",14,0,3,"Eco-Impact","5%",24,10,1,"10-14"
"82",84,14,2,4,2,2,0,2,0,2,0,2,1.6,1.26491106406735,2,1.66666666666667,2,2,2,2,2,2.33333333333333,2.33333333333333,1.33333333333333,1,1,1,1,0,1,0,0,0,1,1,1,1,0,1,0,1,0,0,1,0,1,1,1,1,1,0,0,0,0,0,0,1,0,1,0,1,0,"Cele",8003,"female",30,"primary",NA,"No","Very Much","No, after a few rounds","Disagree","Agree","Disagree","Disagree","Agree","Agree","Refrigerator Effect","Italy","Solar energy","Kyoto Protocol","2015-12-23 16:40:43","2015-12-23 16:56:47",1,"2015-12-23 16:44:43",20,4,"true","false","false",14,0,2,"Eco-Impact","20%",4,10,0,"30-34"
"83",85,14,2,2,2,2,2,2,2,2,2,4,2.2,0.632455532033676,2,1.66666666666667,2,2,2,2,2,2.33333333333333,2.33333333333333,1.33333333333333,1,1,1,1,1,1,1,0,0,1,1,1,1,1,1,1,1,0,1,1,0,1,1,1,1,1,0,1,0,0,0,0,0,0,0,0,0,0,"Pell*ll",8018,"male",38,"bachillerat",NA,"No","Not at all","No, from the beginning","Agree","n/a","n/a","n/a","n/a","n/a","Greenhouse Effect","U.S","Solar energy","Kyoto Protocol","2015-12-23 16:42:05","2015-12-23 16:54:34",1,"2015-12-23 16:43:18",50,28,"true","false","false",14,0,6,"Eco-Impact","15%",28,10,0,"35-39"
"84",86,14,2,0,0,2,4,4,4,4,4,2,2.6,1.64654520469713,2,1.66666666666667,2,2,2,2,2,2.33333333333333,2.33333333333333,1.33333333333333,1,0,0,1,1,1,1,1,1,1,0,0,1,1,1,1,1,1,0,1,0,1,1,0,0,0,0,1,0,1,1,0,0,0,0,0,0,0,"Juli",1426,"female",23,"secondary",NA,"No","Not at all","Yes, after a few rounds","My contribution should not depend on this","Disagree","Agree","Agree","Agree","Agree","Greenhouse Effect","Italy","Solar energy","Kyoto Protocol","2015-12-23 16:42:18","2015-12-23 16:53:23",1,"2015-12-23 16:42:37",60,34,"true","false","false",14,0,4,"Carbon footprint","15%",34,10,0,"20-24"
"85",87,15,4,4,4,4,4,4,4,4,4,4,4,0,3,3.33333333333333,3,3.33333333333333,3.33333333333333,2.66666666666667,3,1.66666666666667,2,2,1,1,1,1,1,1,1,1,1,1,1,1,1,1,1,1,1,1,1,0,0,0,0,0,0,0,0,0,0,0,0,0,0,0,0,0,0,0,"Yoconozco@yahoo.es",8012,"male",43,"prof",NA,"No","Very Much","Yes, from the beginning","My contribution should not depend on this","My contribution should not depend on this","n/a","Disagree","Disagree","Disagree","Greenhouse Effect","Italy","Solar energy","Kyoto Protocol","2015-12-23 17:07:09","2015-12-23 17:23:40",1,"2015-12-23 17:11:03",50,10,"true","false","false",15,0,5,"Carbon footprint","20%",10,10,0,"40-44"
"86",88,15,4,4,4,2,4,2,4,0,0,0,2.4,1.83787316694536,3,3.33333333333333,3,3.33333333333333,3.33333333333333,2.66666666666667,3,1.66666666666667,2,2,1,1,1,0,1,0,1,0,0,0,1,1,0,1,0,1,0,0,0,0,0,1,1,1,1,1,0,0,0,0,0,0,0,0,0,1,1,1,"Mayesta",8003,"female",41,"prof",NA,"No","Very Much","Yes, after a few rounds","Disagree","My contribution should not depend on this","n/a","Disagree","Agree","Agree","Greenhouse Effect","Italy","Carbon","Kyoto Protocol","2015-12-23 17:09:02","2015-12-23 17:22:28",1,"2015-12-23 17:11:26",30,6,"true","false","false",15,0,2,"Carbon footprint","20%",6,10,0,"40-44"
"87",89,15,2,2,0,2,2,0,0,0,0,0,0.8,1.03279555898864,3,3.33333333333333,3,3.33333333333333,3.33333333333333,2.66666666666667,3,1.66666666666667,2,2,0,0,0,0,0,0,0,0,0,0,0,0,0,0,0,0,0,0,0,0,0,0,0,0,0,0,0,0,0,0,1,0,0,1,1,1,1,1,"Yo",2001,"female",36,"prof",NA,"No","Somewhat","Yes, after a few rounds","Disagree","n/a","Agree","n/a","Agree","n/a","Greenhouse Effect","Italy","Solar energy","Kyoto Protocol","2015-12-23 17:09:23","2015-12-23 17:26:16",1,"2015-12-23 17:14:18",20,12,"true","true","true",15,0,3,"Carbon footprint","15%",12,9,0,"35-39"
"88",90,15,2,4,4,4,4,4,4,4,4,4,3.8,0.632455532033676,3,3.33333333333333,3,3.33333333333333,3.33333333333333,2.66666666666667,3,1.66666666666667,2,2,0,1,1,1,1,1,1,1,1,1,1,1,1,1,1,1,1,1,1,1,0,0,0,0,0,0,0,0,0,0,0,0,0,0,0,0,0,0,"Jose",8001,"male",31,"prof",NA,"No","Very Much","Yes, after a few rounds","My contribution should not depend on this","My contribution should not depend on this","n/a","Agree","Agree","Disagree","Greenhouse Effect","Italy","Solar energy","Kyoto Protocol","2015-12-23 17:10:38","2015-12-23 17:23:19",1,"2015-12-23 17:12:57",40,2,"true","false","false",15,0,1,"Carbon footprint","20%",2,10,0,"30-34"
"89",91,15,4,4,2,4,4,2,2,0,0,0,2.2,1.75119007154183,3,3.33333333333333,3,3.33333333333333,3.33333333333333,2.66666666666667,3,1.66666666666667,2,2,1,1,0,1,1,0,0,0,0,0,1,0,1,1,0,0,0,0,0,0,1,1,0,1,0,0,0,0,0,0,0,0,0,0,0,1,1,1,"PICADILLO",8010,"female",41,"prof",NA,"No","Very Much","Yes, after a few rounds","Disagree","My contribution should not depend on this","n/a","Agree","Agree","n/a","Greenhouse Effect","Italy","Solar energy","Kyoto Protocol","2015-12-23 17:10:46","2015-12-23 17:22:18",1,"2015-12-23 17:12:29",60,38,"true","false","false",15,0,6,"Individual gas fee","20%",38,10,1,"40-44"
"90",92,15,2,2,4,4,2,4,4,2,4,4,3.2,1.03279555898864,3,3.33333333333333,3,3.33333333333333,3.33333333333333,2.66666666666667,3,1.66666666666667,2,2,0,0,1,1,0,1,1,1,1,1,0,1,1,0,1,1,0,1,1,0,1,0,1,1,0,1,0,0,0,0,0,0,0,0,0,0,0,0,"Jess",13055,"female",32,"prof",NA,"No","Not Really","Yes, after a few rounds","Disagree","Disagree","n/a","Disagree","Agree","Disagree","Greenhouse Effect","Italy","Solar energy","Kyoto Protocol","2015-12-23 17:11:29","2015-12-23 17:23:10",1,"2015-12-23 17:13:11",40,8,"true","false","false",15,0,4,"Carbon footprint","15%",8,10,0,"30-34"
"91",102,17,0,4,0,0,2,4,4,0,0,0,1.4,1.89736659610103,2.66666666666667,2.66666666666667,1.66666666666667,2,3,2.66666666666667,3,1.66666666666667,1,0.333333333333333,0,1,0,0,0,1,1,0,0,0,1,0,0,1,1,1,0,0,0,1,1,0,1,1,0,1,0,0,1,0,1,1,0,0,0,1,1,1,"Axel",8021,"male",28,"prof",NA,"No","Somewhat","Yes, after a few rounds","Disagree","Disagree","Agree","Agree","Agree","n/a","Greenhouse Effect","Italy","Solar energy","Declaration of Helsinki","2015-12-23 17:50:11","2015-12-23 18:50:42",1,"2015-12-23 18:35:32",50,36,"true","false","false",18,0,2,"Carbon footprint","15%",36,10,0,"25-29"
"92",104,16,4,4,4,4,4,2,2,0,0,0,2.4,1.83787316694536,3,3.33333333333333,3.33333333333333,2.66666666666667,3,2,1.66666666666667,1.33333333333333,0,0,1,1,1,1,1,1,1,0,1,1,1,1,1,1,0,1,0,0,1,0,0,0,0,1,1,1,0,1,0,0,0,0,0,0,0,1,1,1,"Rata laboratori",8030,"male",32,"bachillerat",NA,"No","Very Much","Yes, after a few rounds","n/a","n/a","n/a","n/a","n/a","n/a","Greenhouse Effect","Italy","Solar energy","Kyoto Protocol","2015-12-23 18:01:29","2015-12-23 18:19:50",1,"2015-12-23 18:01:36",50,26,"true","false","true",17,0,3,"Eco-Impact","15%",26,10,0,"30-34"
"93",105,16,2,2,4,0,2,0,0,0,0,0,1,1.4142135623731,3,3.33333333333333,3.33333333333333,2.66666666666667,3,2,1.66666666666667,1.33333333333333,0,0,0,0,1,0,0,0,0,0,1,1,0,1,0,0,0,0,0,0,1,0,1,1,0,0,0,0,0,1,0,0,0,1,0,1,1,1,1,1,"Wagingey",17251,"female",37,"prof",NA,"No","Not Really","Yes, after a few rounds","Agree","Agree","Agree","Agree","Agree","Disagree","Greenhouse Effect","Italy","Solar energy","Kyoto Protocol","2015-12-23 18:02:04","2015-12-23 18:18:13",1,"2015-12-23 18:06:17",30,20,"true","false","false",17,0,4,"Individual gas fee","15%",20,10,0,"35-39"
"94",106,16,4,4,4,4,4,4,4,4,0,0,3.2,1.68654808542314,3,3.33333333333333,3.33333333333333,2.66666666666667,3,2,1.66666666666667,1.33333333333333,0,0,1,1,1,1,1,1,1,1,1,1,1,1,1,1,1,1,1,0,1,0,0,0,0,0,0,0,1,1,0,0,0,0,0,0,0,0,1,1,"rraaps",8030,"female",53,"prof",NA,"No","Very Much","Yes, from the beginning","My contribution should not depend on this","My contribution should not depend on this","n/a","Disagree","Disagree","Disagree","Greenhouse Effect","Italy","Solar energy","Kyoto Protocol","2015-12-23 18:02:18","2015-12-23 18:17:45",1,"2015-12-23 18:04:01",60,28,"true","false","false",17,0,5,"Carbon footprint","15%",28,10,1,"50-54"
"95",107,16,2,4,4,4,2,4,2,2,0,0,2.4,1.57762127549323,3,3.33333333333333,3.33333333333333,2.66666666666667,3,2,1.66666666666667,1.33333333333333,0,0,0,1,1,1,0,1,1,1,1,1,1,1,1,0,1,1,1,0,1,1,0,0,1,1,1,0,1,1,0,0,0,0,0,0,0,0,1,1,"aiwa",8003,"female",39,"prof",NA,"No","Somewhat","No, after a few rounds","My contribution should not depend on this","My contribution should not depend on this","Disagree","Agree","Disagree","Disagree","Greenhouse Effect","U.S","Solar energy","Kyoto Protocol","2015-12-23 18:03:35","2015-12-23 18:17:14",1,"2015-12-23 18:06:30",40,16,"true","false","false",17,0,1,"Carbon footprint","5%",16,10,0,"35-39"
"96",108,16,4,2,2,4,2,2,0,0,0,0,1.6,1.57762127549323,3,3.33333333333333,3.33333333333333,2.66666666666667,3,2,1.66666666666667,1.33333333333333,0,0,1,0,0,1,0,1,0,0,1,1,0,0,1,0,0,0,0,0,1,1,0,1,1,0,1,0,0,1,0,0,0,0,0,0,1,1,1,1,"Ninyo",17200,"male",45,"bachillerat",NA,"No","Somewhat","Yes, from the beginning","Disagree","Disagree","Agree","Agree","Agree","Agree","Greenhouse Effect","Italy","Solar energy","Kyoto Protocol","2015-12-23 18:06:28","2015-12-23 18:20:39",1,"2015-12-23 18:06:54",20,4,"true","false","true",17,0,2,"Individual gas fee","20%",4,10,0,"45-49"
"97",109,16,2,4,2,0,4,0,2,2,0,0,1.6,1.57762127549323,3,3.33333333333333,3.33333333333333,2.66666666666667,3,2,1.66666666666667,1.33333333333333,0,0,0,1,0,0,1,0,1,1,1,1,1,0,0,1,0,1,1,0,1,1,1,0,1,1,1,0,1,1,0,0,0,1,0,1,0,0,1,1,"Santiago",8030,"male",53,"prof",NA,"No","Very Much","No, from the beginning","My contribution should not depend on this","My contribution should not depend on this","Disagree","Agree","Agree","n/a","Greenhouse Effect","U.S","Solar energy","Kyoto Protocol","2015-12-23 18:07:14","2015-12-23 18:17:58",1,"2015-12-23 18:08:18",40,24,"true","false","false",17,0,6,"Carbon footprint","20%",24,10,0,"50-54"
"98",110,17,4,4,2,4,4,4,2,2,0,0,2.6,1.64654520469713,2.66666666666667,2.66666666666667,1.66666666666667,2,3,2.66666666666667,3,1.66666666666667,1,0.333333333333333,1,1,1,1,1,1,0,1,0,0,1,0,1,1,1,0,0,0,0,0,1,0,0,0,1,0,1,0,0,0,0,0,0,0,0,0,1,1,"Pauerr",8017,"male",26,"prof",NA,"Yes","Somewhat","No, after a few rounds","My contribution should not depend on this","My contribution should not depend on this","n/a","Agree","Disagree","Agree","Greenhouse Effect","Italy","Solar energy","Kyoto Protocol","2015-12-23 18:31:35","2015-12-23 18:51:05",1,"2015-12-23 18:35:59",40,14,"true","false","false",18,0,3,"Individual gas fee","20%",14,10,0,"25-29"
"99",111,17,4,2,4,0,4,2,4,4,2,0,2.6,1.64654520469713,2.66666666666667,2.66666666666667,1.66666666666667,2,3,2.66666666666667,3,1.66666666666667,1,0.333333333333333,1,0,1,0,1,0,1,1,1,0,0,1,0,1,0,1,1,1,0,1,1,1,1,1,1,0,0,1,0,0,0,1,0,0,0,0,0,1,"Ainara",8016,"female",37,"prof",NA,"No","Somewhat","Yes, from the beginning","Disagree","Disagree","Agree","Disagree","Agree","Agree","Greenhouse Effect","Italy","Solar energy","Kyoto Protocol","2015-12-23 18:35:59","2015-12-23 18:49:50",1,"2015-12-23 18:38:53",30,4,"true","false","false",18,0,5,"Carbon footprint","15%",4,10,1,"35-39"
"100",112,17,2,2,2,4,4,2,4,2,0,0,2.2,1.47572957474524,2.66666666666667,2.66666666666667,1.66666666666667,2,3,2.66666666666667,3,1.66666666666667,1,0.333333333333333,0,0,1,1,1,0,1,1,0,0,0,0,1,1,0,1,0,0,0,0,0,0,0,1,1,1,1,0,0,0,0,0,0,0,0,0,1,1,"Iolanda",25005,"female",24,"prof",NA,"No","Not Really","Yes, after a few rounds","Agree","Agree","Agree","Agree","Agree","n/a","Greenhouse Effect","Italy","Solar energy","Kyoto Protocol","2015-12-23 18:37:06","2015-12-23 18:50:11",1,"2015-12-23 18:37:31",60,38,"true","false","true",18,0,6,"Carbon footprint","20%",38,10,0,"20-24"
"101",113,17,2,2,0,0,2,0,2,2,0,2,1.2,1.03279555898864,2.66666666666667,2.66666666666667,1.66666666666667,2,3,2.66666666666667,3,1.66666666666667,1,0.333333333333333,0,0,0,0,0,0,0,1,0,1,0,0,0,1,0,0,0,0,1,0,0,0,1,0,0,0,1,1,0,0,1,1,0,1,0,0,1,0,"Lucie",8003,"male",48,"prof",NA,"No","Somewhat","Yes, from the beginning","My contribution should not depend on this","My contribution should not depend on this","Disagree","Disagree","Agree","Agree","Greenhouse Effect","Italy","Solar energy","Kyoto Protocol","2015-12-23 18:37:32","2015-12-23 18:49:16",1,"2015-12-23 18:41:09",20,8,"true","false","false",18,0,1,"Carbon footprint","20%",8,10,0,"45-49"
"102",115,17,4,2,2,4,2,4,2,0,4,0,2.4,1.57762127549323,2.66666666666667,2.66666666666667,1.66666666666667,2,3,2.66666666666667,3,1.66666666666667,1,0.333333333333333,1,0,1,1,0,1,0,0,1,0,0,0,1,1,1,0,0,1,0,1,0,0,1,1,1,0,1,1,0,0,0,0,0,0,0,1,0,1,"Blanqui",8001,"female",24,"prof",NA,"No","Very Much","Yes, after a few rounds","My contribution should not depend on this","Agree","Agree","n/a","n/a","Disagree","Greenhouse Effect","Italy","Solar energy","Kyoto Protocol","2015-12-23 18:38:43","2015-12-23 18:51:29",1,"2015-12-23 18:39:45",40,16,"true","false","false",18,0,4,"Eco-Impact","20%",16,10,0,"20-24"
"103",117,18,4,2,4,2,2,2,0,0,0,0,1.6,1.57762127549323,2.66666666666667,2.33333333333333,3.33333333333333,3,3.33333333333333,3,2.33333333333333,0.666666666666667,0.666666666666667,1.33333333333333,1,0,1,0,0,0,0,0,0,0,0,1,0,0,0,0,0,0,0,1,1,1,0,0,0,0,0,0,0,0,0,0,0,0,1,1,1,1,"Chusco",31000,"male",36,"secondary",NA,"No","Not Really","Yes, after a few rounds","Disagree","Disagree","Disagree","Disagree","Agree","Agree","Greenhouse Effect","U.S","Solar energy","Kyoto Protocol","2015-12-23 19:03:55","2015-12-23 19:21:26",1,"2015-12-23 19:04:07",60,44,"true","false","false",19,0,1,"Individual gas fee","20%",44,10,0,"35-39"
"104",118,18,2,2,2,2,4,4,4,2,0,4,2.6,1.34989711542111,2.66666666666667,2.33333333333333,3.33333333333333,3,3.33333333333333,3,2.33333333333333,0.666666666666667,0.666666666666667,1.33333333333333,0,0,0,0,1,1,1,1,0,1,0,0,0,1,1,1,0,0,1,0,0,0,1,0,0,1,1,1,0,0,0,0,0,0,0,0,1,0,"Teo",8850,"male",25,"prof",NA,"No","Somewhat","Yes, after a few rounds","My contribution should not depend on this","My contribution should not depend on this","Agree","Agree","Agree","n/a","Greenhouse Effect","Italy","Solar energy","Kyoto Protocol","2015-12-23 19:04:53","2015-12-23 19:21:15",1,"2015-12-23 19:07:06",30,4,"true","false","false",19,0,4,"Carbon footprint","2%",4,10,0,"25-29"
"105",119,18,2,4,4,4,4,4,2,0,0,0,2.4,1.83787316694536,2.66666666666667,2.33333333333333,3.33333333333333,3,3.33333333333333,3,2.33333333333333,0.666666666666667,0.666666666666667,1.33333333333333,0,1,1,1,1,1,0,0,0,0,1,1,1,1,1,0,0,0,0,1,0,0,0,0,1,0,0,0,0,0,0,0,0,0,0,1,1,1,"Eva Ruiz",8015,"female",37,"prof",NA,"","","","","","","","","","","","","","2015-12-23 19:05:39","",0,"2015-12-23 19:05:58",40,16,"true","false","false",19,0,5,"","",16,10,1,"35-39"
"106",120,18,2,2,4,4,4,0,4,0,0,0,2,1.88561808316413,2.66666666666667,2.33333333333333,3.33333333333333,3,3.33333333333333,3,2.33333333333333,0.666666666666667,0.666666666666667,1.33333333333333,0,0,1,1,1,0,1,0,0,0,0,1,1,1,0,1,0,0,0,0,1,0,0,1,1,1,0,0,0,0,0,0,0,1,0,1,1,1,"Lobo",8003,"male",44,"bachillerat",NA,"No","Somewhat","Yes, after a few rounds","My contribution should not depend on this","My contribution should not depend on this","n/a","Agree","Agree","Disagree","Greenhouse Effect","Italy","Solar energy","Kyoto Protocol","2015-12-23 19:06:38","2015-12-23 19:26:00",1,"2015-12-23 19:10:10",20,0,"true","false","false",19,0,3,"Individual gas fee","15%",0,10,0,"40-44"
"107",121,18,2,2,4,4,4,4,2,2,2,0,2.6,1.34989711542111,2.66666666666667,2.33333333333333,3.33333333333333,3,3.33333333333333,3,2.33333333333333,0.666666666666667,0.666666666666667,1.33333333333333,0,0,1,1,1,1,0,1,1,0,0,1,1,1,1,0,0,1,0,0,1,0,0,0,1,0,0,1,0,0,0,0,0,0,0,0,0,1,"Ale",8028,"female",28,"prof",NA,"No","Not Really","Yes, from the beginning","My contribution should not depend on this","My contribution should not depend on this","Agree","Agree","Agree","n/a","Greenhouse Effect","Italy","Solar energy","Kyoto Protocol","2015-12-23 19:07:06","2015-12-23 19:23:16",1,"2015-12-23 19:11:54",40,14,"true","false","true",19,0,6,"Eco-Impact","15%",14,10,0,"25-29"
"108",122,18,4,2,2,2,2,4,2,0,2,4,2.4,1.26491106406735,2.66666666666667,2.33333333333333,3.33333333333333,3,3.33333333333333,3,2.33333333333333,0.666666666666667,0.666666666666667,1.33333333333333,1,0,0,0,0,1,0,0,1,1,0,0,0,0,1,0,0,1,1,1,0,0,0,1,1,0,1,0,0,0,0,0,0,0,0,1,0,0,"Ruth",8320,"male",28,"bachillerat",NA,"No","Somewhat","Yes, after a few rounds","Disagree","My contribution should not depend on this","n/a","Agree","Agree","Agree","Greenhouse Effect","China","Solar energy","Kyoto Protocol","2015-12-23 19:11:18","2015-12-23 19:22:28",1,"2015-12-23 19:12:17",50,26,"true","true","false",19,0,2,"Eco-Impact","15%",26,10,0,"25-29"
