"user_id","nickname","codi_postal","genere","rang_edat","nivell_estudis","prfinal0","prfinal1","prfinal2","prfinal3","prfinal4","prfinal5","prfinal6","prfinal7","prfinal8","prfinal9","prfinal10","prfinal11","prfinal12","prfinal13","data_creacio","data_finalitzacio","acabat","data_registre","diners_inicials","diners_actuals","check_1","check_2","check_3","partida_id","is_robot","num_jugador","prfinal14","prfinal15","guany_final","num_seleccions","sorteig"
1,"Nitahorse","08203","d",28,"r4","","r1","r1","r4","r2","r2","r1","r1","r1","r2","r2","r4","r3","r2","2015-12-12 10:54:56.666328","2015-12-12 11:24:25.525823",1,"2015-12-12 11:12:07.887762",40,12,"true","false","false",1,0,3,"r3","r2",12,10,1
2,"Max demoran","08028","h",45,"r4","","r1","r1","r1","r2","r3","r1","r1","r2","r2","r2","r3","r1","r2","2015-12-12 11:10:35.919172","2015-12-12 11:24:11.351686",1,"2015-12-12 11:12:41.668566",40,14,"true","false","false",1,0,6,"r2","r2",14,10,1
3,"Ellas","08027","h",15,"r2","","r1","r1","r2","r3","r1","r1","r2","r1","r1","r2","r3","r3","r2","2015-12-12 11:10:39.550620","2015-12-12 11:24:03.732214",1,"2015-12-12 11:12:32.724448",40,28,"true","false","false",1,0,2,"r4","r4",28,10,1
4,"AL","08921","h",53,"r4","","","","","","","","","","","","","","","2015-12-12 11:11:05.016648","",0,"",0,0,"true","false","true",0,0,0,"","",0,0,1
5,"Peripam","08440","h",24,"r6","","r1","r2","r2","r3","r3","r1","r1","r1","r3","r2","r3","r3","r2","2015-12-12 11:11:17.292067","2015-12-12 11:25:48.133030",1,"2015-12-12 11:16:10.346103",30,10,"true","false","false",2,0,6,"r3","r4",10,10,1
6,"Pato","08027","d",14,"r2","","r1","r2","r2","r3","r3","r1","r3","r1","r2","r2","r3","r3","r3","2015-12-12 11:12:04.799270","2015-12-12 11:23:39.378448",1,"2015-12-12 11:14:50.121337",40,16,"true","false","false",1,0,1,"r1","r3",16,10,1
7,"Carbu ","08016","h",14,"r2","","r1","r2","r2","r3","r3","r1","r2","r1","r1","r2","r3","r3","r1","2015-12-12 11:12:09.856312","2015-12-12 11:24:57.727324",1,"2015-12-12 11:14:57.016030",40,26,"true","false","false",1,0,4,"r3","r4",26,10,1
8,"Júlia","08041","d",16,"r4","","r1","r3","r1","r3","r3","r1","r1","r1","r2","r2","r3","r3","r2","2015-12-12 11:12:10.120276","2015-12-12 11:23:19.476899",1,"2015-12-12 11:13:46.605264",40,13,"true","false","false",1,0,5,"r2","r3",13,10,1
9,"Lau","08739","d",25,"r4","","r1","r2","r1","r2","r3","r3","r1","r2","r2","r2","r1","r3","r2","2015-12-12 11:12:10.923382","2015-12-12 11:23:18.388273",1,"2015-12-12 11:16:05.775073",20,0,"true","false","false",2,0,3,"r2","r3",0,10,1
10,"Sea","08027","d",15,"r2","","r1","r1","r2","r3","r3","r3","r1","r3","r2","r2","r4","r4","r3","2015-12-12 11:12:20.936528","2015-12-12 11:25:42.640671",1,"2015-12-12 11:16:25.513434",40,10,"true","false","false",2,0,4,"r4","r3",10,10,1
11,"África","08016","d",16,"r3","","r1","r2","r2","r3","r3","r3","r1","r1","r3","r2","r1","r3","r3","2015-12-12 11:13:03.877981","2015-12-12 11:25:22.601452",1,"2015-12-12 11:16:16.317454",40,2,"true","false","false",2,0,2,"r2","r2",2,10,1
12,"Sara","08760","d",25,"r6","","r1","r1","r1","r2","r1","r2","r1","r2","r2","r2","r3","r3","r2","2015-12-12 11:13:14.798016","2015-12-12 11:25:12.857838",1,"2015-12-12 11:16:22.525200",60,25,"true","false","true",2,0,5,"r1","r3",25,10,1
13,"Amnesia","08690","h",35,"r5","","r1","r1","r1","r3","r3","r3","r2","r2","r2","r2","r4","r4","r4","2015-12-12 11:13:43.373613","2015-12-12 11:33:49.931769",1,"2015-12-12 11:21:50.754231",30,0,"true","false","false",3,0,5,"r3","r2",0,10,1
14,"Xerox","08783","h",25,"r5","","r1","r1","r1","r3","r3","r3","r1","r2","r1","r2","r3","r3","r2","2015-12-12 11:14:00.272294","2015-12-12 11:23:59.120743",1,"2015-12-12 11:16:40.745925",50,20,"true","false","false",2,0,1,"r2","r3",20,10,1
15,"Ingridssi","08783","d",25,"r5","","r1","r1","r4","r2","r3","r1","r1","r1","r1","r2","r3","r3","r1","2015-12-12 11:14:03.614429","2015-12-12 11:31:52.757395",1,"2015-12-12 11:21:50.243505",20,1,"true","false","false",3,0,6,"r4","r2",1,10,1
16,"Flor","08027","d",15,"r2","","r1","r2","r2","r3","r3","r2","r3","r1","r1","r2","r3","r3","r3","2015-12-12 11:16:36.167797","2015-12-12 11:34:10.961721",1,"2015-12-12 11:21:51.872256",60,31,"true","false","false",3,0,4,"r3","r3",31,10,1
17,"PH","08921","h",53,"r4","","r1","r2","r2","r3","r3","r3","r3","r1","r3","r2","r3","r3","r2","2015-12-12 11:19:47.304756","2015-12-12 11:33:13.764391",1,"2015-12-12 11:21:52.338780",40,25,"true","false","false",3,0,3,"r2","r3",25,10,1
18,"Janis ","08027","d",25,"r3","","r1","r2","r1","r3","r3","r3","r1","r1","r3","r2","r3","r3","r2","2015-12-12 11:22:37.056436","2015-12-12 11:32:03.423651",1,"2015-12-12 11:25:15.636768",40,15,"true","false","false",3,0,2,"r3","r2",15,10,1
19,"Totales","08901","h",36,"r6","","r2","r1","r2","r3","r3","r3","r1","r2","r1","r2","r1","r3","r2","2015-12-12 11:22:46.751889","2015-12-12 11:31:08.440866",1,"2015-12-12 11:25:10.274570",50,25,"true","false","false",3,0,1,"r1","r4",25,10,1
20,"Lionel","08027","h",23,"r4","","r1","r1","r2","r3","r3","r1","r1","r1","r1","r2","r3","r3","r2","2015-12-12 11:23:03.875131","2015-12-12 11:51:35.411954",1,"2015-12-12 11:26:37.676412",40,20,"true","false","false",4,0,6,"r3","r1",20,10,1
21,"Deiv82","08030","h",33,"r6","","r1","r1","r2","r2","r2","r1","r1","r1","r3","r2","r3","r3","r2","2015-12-12 11:25:56.898479","2015-12-12 11:48:28.851632",1,"2015-12-12 11:32:05.633401",40,17,"true","false","false",4,0,2,"r3","r2",17,10,1
22,"Taniarole","08042","h",33,"r6","","r3","r1","r2","r2","r2","r1","r1","r2","r2","r2","r1","r3","r2","2015-12-12 11:27:45.241263","2015-12-12 11:50:31.608653",1,"2015-12-12 11:32:40.958812",40,17,"true","false","false",4,0,3,"r1","r4",17,10,1
23,"mfazarias14","08027","h",15,"r3","","r1","r1","r4","r3","r3","r1","r1","r1","r1","r2","r3","r3","r2","2015-12-12 11:34:44.153726","2015-12-12 11:50:00.631378",1,"2015-12-12 11:36:48.425861",40,26,"true","false","false",4,0,1,"r2","r4",26,10,1
24,"Muy","08402","h",33,"r5","","r3","r1","r2","r1","r3","r1","r1","r1","r2","r1","r1","r3","r2","2015-12-12 11:37:39.826950","2015-12-12 11:51:23.998296",1,"2015-12-12 11:41:17.742734",40,23,"true","false","false",4,0,5,"r1","r3",23,10,1
25,"Psicóloga","08600","d",22,"r6","","r1","r2","r1","r3","r3","r1","r3","r1","r1","r2","r3","r3","r1","2015-12-12 11:37:58.523116","2015-12-12 11:48:14.636080",1,"2015-12-12 11:40:04.080566",40,13,"true","false","false",4,0,4,"r2","r2",13,10,1
26,"Albertgc3","08600","h",23,"r5","","r1","r2","r4","r2","r1","r1","r2","r1","r3","r2","r3","r3","r2","2015-12-12 11:38:48.795744","2015-12-12 11:59:03.768841",1,"2015-12-12 11:42:21.157807",30,2,"true","false","false",5,0,3,"r2","r3",2,10,1
27,"A patito","08402","d",31,"r6","","r3","r1","r1","r3","r3","r1","r1","r1","r1","r2","r3","r3","r2","2015-12-12 11:39:05.226395","2015-12-12 11:59:05.642596",1,"2015-12-12 11:42:26.699879",40,26,"true","false","false",5,0,5,"r2","r2",26,10,1
28,"Panero la","08023","h",44,"r6","","r2","r1","r1","r3","r3","r1","r1","r2","r1","r2","r3","r3","r2","2015-12-12 11:41:34.563988","2015-12-12 11:56:32.551294",1,"2015-12-12 11:42:51.986364",20,8,"true","false","false",5,0,2,"r1","r4",8,10,1
29,"Quiso","08850","h",52,"r3","","r1","r2","r2","r2","r3","r3","r2","r1","r2","r2","r3","r3","r2","2015-12-12 11:44:27.593978","2015-12-12 11:58:47.448229",1,"2015-12-12 11:49:01.049805",40,20,"true","false","false",5,0,1,"r1","r2",20,10,1
30,"Claudia","08020","d",12,"r3","","r1","r2","r4","r2","r1","r3","r1","r1","r1","r2","r3","r3","r2","2015-12-12 11:44:51.821188","2015-12-12 11:58:48.675413",1,"2015-12-12 11:49:09.596139",60,40,"true","false","false",5,0,6,"r1","r2",40,10,1
31,"Patufeta","08550","d",50,"r3","","r1","r1","r2","r3","r2","r3","r1","r1","r2","r2","r4","r3","r2","2015-12-12 11:45:56.041989","2015-12-12 12:13:53.998246",1,"2015-12-12 11:53:31.540318",40,23,"true","false","false",6,0,5,"r4","r1",23,10,1
32,"Jordii01","08550","h",14,"r2","","r1","r1","r2","r3","r3","r1","r2","r2","r1","r2","r3","r3","r4","2015-12-12 11:46:11.461914","2015-12-12 12:01:58.571089",1,"2015-12-12 11:50:22.246083",50,16,"true","false","false",5,0,4,"r1","r4",16,10,1
33,"Julia_14","08550","d",14,"r3","","r1","r2","r2","r2","r2","r3","r1","r3","r1","r2","r4","r3","r4","2015-12-12 11:48:25.721385","2015-12-12 12:15:30.319610",1,"2015-12-12 11:53:33.878931",40,21,"true","false","false",6,0,4,"r4","r3",21,10,1
34,"Casta ya","08512","d",30,"r6","","r1","r2","r2","r1","r1","r1","r2","r1","r2","r2","r3","r3","r2","2015-12-12 11:57:50.783664","2015-12-12 12:12:28.176448",1,"2015-12-12 12:01:24.607294",40,21,"true","false","true",6,0,1,"r3","r3",21,10,1
35,"Rocío moja","08512","h",37,"r6","","r1","r1","r1","r3","r3","r1","r1","r2","r1","r2","r3","r3","r2","2015-12-12 11:58:06.876513","2015-12-12 12:11:40.628597",1,"2015-12-12 12:01:27.934363",40,17,"true","false","false",6,0,3,"r3","r3",17,10,1
36,"Sara_delValle","43480","d",23,"r6","","r1","r1","r2","r2","r2","r1","r1","r1","r3","r2","r3","r3","r4","2015-12-12 12:00:07.074886","2015-12-12 12:16:39.910183",1,"2015-12-12 12:05:59.749166",40,18,"true","false","false",7,0,2,"r3","r3",18,10,1
37,"Rayack","43480","h",26,"r6","","r1","r1","r2","r3","r3","r2","r1","r2","r1","r2","r3","r3","r1","2015-12-12 12:00:08.891776","2015-12-12 12:12:03.859798",1,"2015-12-12 12:03:51.060479",40,21,"true","false","false",6,0,2,"r3","r2",21,10,1
38,"Bonita","08030","d",60,"r4","","r1","r1","r2","r3","r3","r3","r2","r1","r1","r4","r3","r3","r2","2015-12-12 12:00:36.929354","2015-12-12 12:17:29.372768",1,"2015-12-12 12:05:50.023672",40,11,"true","false","false",7,0,4,"r3","r4",11,10,1
39,"Matakross","08902","h",14,"r2","","r1","r2","r4","r3","r1","r1","r2","r1","r1","r2","r3","r3","r1","2015-12-12 12:01:25.259162","2015-12-12 12:10:31.020800",1,"2015-12-12 12:02:57.458625",40,15,"true","false","false",6,0,6,"r1","r2",15,10,1
40,"Caragato","08902","h",38,"r3","","r1","r1","r1","r3","r3","r1","r2","r2","r2","r2","r3","r3","r2","2015-12-12 12:02:01.777240","2015-12-12 12:15:23.704421",1,"2015-12-12 12:05:54.468482",40,33,"true","false","false",7,0,3,"r3","r3",33,10,1
41,"Paco","08030","h",65,"r2","","r1","r2","r1","r2","r2","r3","r1","r1","r1","r2","r4","r3","r2","2015-12-12 12:02:17.869545","2015-12-12 12:18:34.007295",1,"2015-12-12 12:05:44.456717",40,17,"true","false","false",7,0,5,"r1","r2",17,10,1
42,"CinfuefosXII","08017","h",15,"r2","","r1","r2","r4","r2","r1","r3","r1","r1","r2","r1","r4","r3","r1","2015-12-12 12:04:33.053604","2015-12-12 12:18:11.007459",1,"2015-12-12 12:05:45.306651",40,17,"true","false","false",7,0,6,"r2","r3",17,10,1
43,"Bernip25","08030","h",14,"r3","","r1","r1","r1","r2","r1","r1","r1","r1","r1","r2","r3","r3","r2","2015-12-12 12:04:38.694537","2015-12-12 12:16:52.758334",1,"2015-12-12 12:08:22.604538",40,22,"true","false","false",7,0,1,"r1","r3",22,10,1
44,"Merece","08020","d",44,"r6","","r1","r2","r2","r1","r2","r1","r1","r1","r1","r2","r4","r3","r2","2015-12-12 12:16:33.007770","2015-12-12 12:33:47.944317",1,"2015-12-12 12:20:10.289589",30,16,"true","false","false",8,0,6,"r3","r4",16,10,1
45,"Eliild","08030","h",25,"r5","","r1","r4","r4","r4","r4","r2","r2","r3","r2","r2","r1","r4","r1","2015-12-12 12:19:40.705570","2015-12-12 12:33:42.241055",1,"2015-12-12 12:21:05.088109",20,0,"true","true","true",8,0,4,"r3","r3",0,10,1
46,"Subí","08030","d",29,"r3","","r1","r1","r3","r3","r3","r1","r2","r2","r2","r2","r4","r3","r3","2015-12-12 12:20:19.145672","2015-12-12 12:33:40.986983",1,"2015-12-12 12:24:09.975195",60,20,"true","false","false",8,0,1,"r3","r3",20,10,1
47,"Maknum ","08020","h",44,"r6","","r1","r1","r2","r1","r2","r1","r1","r2","r1","r2","r3","r3","r2","2015-12-12 12:20:19.532999","2015-12-12 12:33:23.653198",1,"2015-12-12 12:23:43.458802",40,31,"true","false","false",8,0,2,"r3","r4",31,10,1
48,"David","08015","h",36,"r6","","r1","r2","r1","r3","r3","r2","r1","r2","r1","r2","r3","r3","r2","2015-12-12 12:22:19.410973","2015-12-12 12:34:14.780570",1,"2015-12-12 12:26:47.068039",50,22,"true","false","false",8,0,3,"r1","r3",22,10,1
49,"Helena","08015","d",32,"r6","","r1","r1","r2","r3","r3","r1","r2","r2","r3","r2","r3","r3","r2","2015-12-12 12:22:54.150641","2015-12-12 12:35:13.331791",1,"2015-12-12 12:26:38.629464",40,6,"true","false","false",8,0,5,"r3","r4",6,10,1
50,"Betylula","28027","d",35,"r6","","r1","r1","r2","r3","r2","r2","r3","r1","r1","r2","r3","r3","r4","2015-12-12 12:23:15.432895","2015-12-12 12:40:59.012184",1,"2015-12-12 12:29:25.544958",40,27,"true","false","false",9,0,2,"r3","r3",27,10,1
51,"Antoni M. R.","08338","h",26,"r6","","r1","r1","r1","r3","r3","r1","r1","r1","r2","r2","r1","r3","r2","2015-12-12 12:24:27.105405","2015-12-12 12:41:54.952811",1,"2015-12-12 12:29:44.727544",40,12,"true","false","false",9,0,5,"r1","r2",12,10,1
52,"Supéralo pez","28027","h",33,"r6","","r1","r1","r1","r3","r1","r1","r2","r1","r1","r2","r3","r3","r2","2015-12-12 12:24:37.740637","2015-12-12 12:41:21.098496",1,"2015-12-12 12:29:42.084473",40,23,"true","false","false",9,0,1,"r3","r4",23,10,1
53,"Papons","08021","h",41,"r6","","r1","r2","r2","r3","r3","r1","r1","r2","r1","r2","r3","r3","r2","2015-12-12 12:26:33.589304","2015-12-12 12:39:43.614868",1,"2015-12-12 12:29:44.577427",40,15,"true","false","false",9,0,3,"r1","r3",15,10,1
54,"Turbonegra","09550","d",30,"r6","","r1","r1","r4","r2","r2","r1","r1","r2","r3","r2","r3","r3","r2","2015-12-12 12:28:03.213006","2015-12-12 12:38:59.057552",1,"2015-12-12 12:29:40.843864",40,23,"true","false","false",9,0,6,"r1","r3",23,10,1
55,"Makeitcounts","08019","d",27,"r6","","r1","r2","r2","r2","r2","r1","r1","r3","r1","r2","r3","r3","r2","2015-12-12 12:31:19.288888","2015-12-12 12:39:41.842421",1,"2015-12-12 12:33:05.313179",40,11,"true","false","false",9,0,4,"r1","r2",11,10,1
56,"Xix","08019","h",32,"r7","","r1","r1","r2","r1","r1","r1","r1","r1","r3","r2","r3","r3","r3","2015-12-12 12:31:23.005589","2015-12-12 12:55:25.513298",1,"2015-12-12 12:34:50.320671",60,32,"true","false","false",10,0,2,"r4","r2",32,10,1
57,"Chivara","08030","h",12,"r3","","r1","r2","r1","r3","r3","r1","r1","r3","r2","r2","r3","r3","r4","2015-12-12 12:35:02.574329","2015-12-12 12:54:44.808302",1,"2015-12-12 12:38:11.928772",20,4,"true","false","true",10,0,1,"r2","r2",4,10,1
58,"Andrewinski","08030","h",12,"r2","","r1","r1","r1","r3","r3","r1","r1","r1","r1","r2","r3","r1","r3","2015-12-12 12:35:35.791319","2015-12-12 12:55:56.936520",1,"2015-12-12 12:38:09.948316",40,20,"true","false","false",10,0,3,"r2","r4",20,10,1
59,"Land of Rivals","08019","h",26,"r6","","r2","r2","r1","r3","r3","r1","r1","r2","r2","r2","r3","r3","r2","2015-12-12 12:41:34.254662","2015-12-12 12:54:37.676217",1,"2015-12-12 12:45:15.345506",50,14,"true","false","false",10,0,4,"r1","r4",14,10,1
60,"Silver","08003","d",22,"r5","","r1","r2","r2","r3","r3","r3","r1","r1","r1","r2","r3","r3","r2","2015-12-12 12:42:07.382324","2015-12-12 12:54:13.428431",1,"2015-12-12 12:45:10.220322",40,30,"true","false","false",10,0,5,"r2","r3",30,10,1
61,"Mirscat","08030","d",25,"r6","","r3","r1","r2","r3","r3","r1","r1","r2","r2","r2","r4","r3","r1","2015-12-12 12:44:29.958790","2015-12-12 13:08:43.876514",1,"2015-12-12 12:54:27.539653",40,23,"true","false","false",11,0,4,"r2","r4",23,10,1
62,"Hipidos","08030","h",29,"r5","","r1","r2","r1","r3","r3","r1","r1","r2","r1","r2","r3","r3","r2","2015-12-12 12:44:37.740781","2015-12-12 12:54:30.487840",1,"2015-12-12 12:47:11.656173",30,16,"true","false","true",10,0,6,"r1","r3",16,10,1
63,"Olesa23","08292","h",47,"r4","","r1","r1","r2","r3","r3","r1","r1","r1","r1","r2","r1","r3","r2","2015-12-12 12:51:00.613479","2015-12-12 13:07:35.776268",1,"2015-12-12 12:54:07.111712",40,25,"true","false","false",11,0,3,"r3","r2",25,10,1
64,"Ainaratg03","08291","d",12,"r3","","r1","r1","r2","r1","r1","r3","r1","r1","r1","r2","r1","r1","r2","2015-12-12 12:53:24.092451","2015-12-12 13:08:41.464661",1,"2015-12-12 12:57:39.292591",40,21,"true","false","false",11,0,2,"r3","r4",21,10,1
65,"Jugases","08291","d",42,"r6","","r1","r1","r2","r3","r1","r3","r1","r3","r1","r2","r3","r3","r2","2015-12-12 12:54:20.799263","2015-12-12 13:08:55.519613",1,"2015-12-12 12:57:44.850527",40,19,"true","false","false",11,0,5,"r2","r2",19,10,1
66,"Ariana","08291","h",42,"r4","","r1","r1","r2","r2","r1","r3","r1","r1","r1","r2","r3","r3","r2","2015-12-12 12:54:43.394527","2015-12-12 13:09:10.297669",1,"2015-12-12 12:57:37.387683",40,20,"true","false","false",11,0,6,"r1","r1",20,10,1
67,"A leído","46120","h",41,"r6","","r1","r2","r1","r2","r1","r1","r3","r1","r3","r2","r1","r3","r2","2015-12-12 12:59:11.386872","2015-12-12 13:07:37.073375",1,"2015-12-12 13:00:59.971217",40,9,"true","false","false",11,0,1,"r3","r1",9,10,1
68,"Triqueta90","08014","d",25,"r5","","r1","r1","r2","r3","r3","r1","r1","r1","r2","r2","r3","r3","r3","2015-12-12 13:04:54.953184","2015-12-12 13:19:49.835462",1,"2015-12-12 13:11:51.992927",40,25,"true","false","false",12,0,4,"r2","r4",25,10,1
69,"Andrea tb","08024","d",25,"r6","","r1","r1","r1","r3","r3","r2","r1","r1","r3","r2","r3","r3","r2","2015-12-12 13:05:59.448830","2015-12-12 13:19:41.359408",1,"2015-12-12 13:09:41.557543",20,4,"true","false","false",12,0,6,"r1","r3",4,10,1
70,"Marimax","08024","d",12,"r2","","r1","r1","r1","r3","r3","r1","r1","r2","r1","r2","r3","r3","r3","2015-12-12 13:06:33.828983","2015-12-12 13:22:18.988911",1,"2015-12-12 13:11:37.607343",50,15,"true","false","false",12,0,1,"r2","r2",15,10,1
71,"Annagarlor","08023","h",26,"r6","","r1","r1","r1","r2","r3","r2","r1","r1","r2","r2","r3","r3","r2","2015-12-12 13:06:40.953452","2015-12-12 13:20:22.611628",1,"2015-12-12 13:09:00.624634",40,16,"true","false","false",12,0,5,"r1","r4",16,10,1
72,"Hektorzito","08003","h",27,"r5","","r3","r1","r1","r2","r2","r2","r1","r2","r3","r2","r3","r3","r2","2015-12-12 13:07:27.281111","2015-12-12 13:21:03.603432",1,"2015-12-12 13:11:25.666743",60,32,"true","false","false",12,0,2,"r1","r2",32,10,1
73,"Marc_pf","08025","h",25,"r6","","r1","r1","r1","r3","r2","r3","r1","r2","r3","r2","r1","r3","r1","2015-12-12 13:09:38.965986","2015-12-12 13:22:57.989090",1,"2015-12-12 13:11:44.273287",30,15,"true","false","false",12,0,3,"r2","r3",15,10,1
74,"Sapphire","08100","d",27,"r6","","r1","r1","r1","r3","r3","r2","r2","r1","r3","r2","r3","r3","r2","2015-12-12 15:18:02.720388","2015-12-12 15:35:18.813819",1,"2015-12-12 15:23:40.159248",40,20,"true","false","false",13,0,1,"r1","r2",20,10,1
75,"Rucen ","08100","h",30,"r6","","r2","r1","r1","r2","r2","r1","r2","r1","r2","r2","r3","r2","r2","2015-12-12 15:18:39.173950","2015-12-12 15:36:14.884087",1,"2015-12-12 15:23:58.835412",40,20,"true","false","false",13,0,4,"r1","r3",20,10,1
76,"Ender","08100","h",32,"r5","","r1","r2","r2","r3","r2","r1","r1","r1","r2","r2","r3","r3","r2","2015-12-12 15:19:26.921397","2015-12-12 15:37:15.487010",1,"2015-12-12 15:25:00.735841",40,25,"true","false","false",13,0,5,"r1","r1",25,10,1
77,"Fantasma 2710","08921","h",43,"r5","","r1","r2","r2","r3","r3","r2","r2","r1","r2","r2","r1","r3","r2","2015-12-12 15:22:49.198089","2015-12-12 15:37:49.178648",1,"2015-12-12 15:26:37.060542",40,7,"true","false","false",13,0,3,"r3","r2",7,10,1
78,"MikeBCN","08003","h",40,"r6","","r1","r2","r4","r3","r3","r1","r1","r2","r2","r2","r3","r3","r2","2015-12-12 15:23:47.638813","2015-12-12 15:35:43.663605",1,"2015-12-12 15:26:06.345001",40,18,"true","false","false",13,0,6,"r1","r3",18,10,1
79,"Mate","08041","h",55,"r6","","r3","r1","r2","r2","r2","r3","r1","r1","r2","r2","r3","r3","r2","2015-12-12 15:27:31.576763","2015-12-12 15:35:19.099233",1,"2015-12-12 15:29:18.277685",40,21,"true","false","false",13,0,2,"r1","r3",21,10,1
80,"Berta","08041","d",13,"r3","","r3","r1","r2","r3","r3","r1","r1","r1","r1","r2","r3","r3","r2","2015-12-12 15:27:35.388503","2015-12-12 15:45:07.927020",1,"2015-12-12 15:32:18.694793",60,34,"true","false","false",14,0,1,"r3","r3",34,10,1
81,"Pepita","08041","d",49,"r6","","r1","r1","r2","r3","r3","r3","r1","r1","r1","r2","r3","r3","r2","2015-12-12 15:28:13.578078","2015-12-12 15:46:33.734627",1,"2015-12-12 15:32:29.530213",20,11,"true","false","false",14,0,6,"r1","r3",11,10,1
82,"Mane lateros","08924","h",13,"r2","","r1","r1","r2","r2","r2","r1","r1","r1","r1","r2","r4","r3","r4","2015-12-12 15:34:09.482500","2015-12-12 15:47:03.200451",1,"2015-12-12 15:35:36.514570",40,22,"true","false","false",14,0,2,"r1","r2",22,10,1
83,"Th","80603","h",14,"r3","","r1","r1","r4","r2","r1","r1","r3","r2","r1","r1","r3","r3","r1","2015-12-12 15:36:18.603003","2015-12-12 15:45:47.434808",1,"2015-12-12 15:38:23.780314",30,1,"true","false","false",14,0,3,"r1","r4",1,10,1
84,"Mazuf ","08024","h",39,"r6","","r1","r2","r2","r1","r1","r1","r1","r1","r1","r2","r3","r3","r2","2015-12-12 15:36:25.430553","2015-12-12 15:50:12.127626",1,"2015-12-12 15:40:43.349402",40,16,"true","false","false",15,0,4,"r2","r3",16,10,1
85,"Th","80603","h",15,"r3","","r1","r2","r2","r2","r2","r2","r2","r3","r3","r2","r3","r1","r4","2015-12-12 15:36:28.237658","2015-12-12 15:48:44.369407",1,"2015-12-12 15:38:45.625290",50,24,"true","false","false",14,0,5,"r3","r3",24,10,1
86,"Et","08014","d",54,"r6","","r3","r1","r2","r2","r2","r1","r1","r1","r1","r2","r3","r3","r2","2015-12-12 15:36:45.602569","2015-12-12 15:49:44.546641",1,"2015-12-12 15:39:56.713999",40,11,"true","false","false",15,0,2,"r2","r1",11,10,1
87,"Pq","08755","h",17,"r2","","r1","r2","r2","r2","r2","r2","r3","r3","r3","r2","r3","r1","r4","2015-12-12 15:36:47.167877","2015-12-12 15:48:41.509670",1,"2015-12-12 15:37:40.830386",40,22,"true","false","false",14,0,4,"r3","r3",22,10,1
88,"Thornton","08024","h",42,"r6","","r1","r1","r2","r2","r1","r3","r1","r2","r3","r2","r3","r3","r2","2015-12-12 15:37:44.183545","2015-12-12 15:56:39.935928",1,"2015-12-12 15:43:42.558743",40,7,"true","false","false",16,0,4,"r3","r3",7,10,1
89,"Lo u","08027","h",47,"r6","","r1","r3","r2","r2","r3","r1","r1","r1","r2","r2","r3","r3","r2","2015-12-12 15:37:49.899501","2015-12-12 15:49:58.266422",1,"2015-12-12 15:40:27.798950",40,24,"true","false","false",15,0,3,"r2","r2",24,10,1
90,"Andreu00","08027","h",15,"r3","","r1","r1","r2","r3","r3","r2","r1","r1","r1","r2","r3","r3","r2","2015-12-12 15:37:59.101861","2015-12-12 15:50:22.024235",1,"2015-12-12 15:40:47.357038",40,17,"true","false","false",15,0,1,"r1","r2",17,10,1
91,"Max","08027","h",13,"r3","","r1","r1","r2","r3","r2","r1","r1","r1","r2","r2","r4","r3","r2","2015-12-12 15:38:09.578652","2015-12-12 15:50:30.098652",1,"2015-12-12 15:41:54.345494",40,29,"true","false","false",15,0,6,"r2","r2",29,10,1
92,"Brahmán","08184","h",13,"r2","","r1","r1","r1","r2","r1","r3","r1","r2","r1","r1","r4","r2","r4","2015-12-12 15:38:22.912249","2015-12-12 15:54:40.186958",1,"2015-12-12 15:43:09.755589",20,5,"true","false","false",16,0,6,"r4","r4",5,10,1
93,"Gema","08027","d",45,"r6","","r1","r2","r2","r2","r3","r1","r3","r1","r3","r2","r1","r3","r2","2015-12-12 15:38:41.807200","2015-12-12 15:48:56.923100",1,"2015-12-12 15:41:53.244910",40,21,"true","false","false",15,0,5,"r1","r3",21,10,1
94,"Chusa56","08870","h",59,"r6","","r3","r2","r2","r2","r2","r1","r1","r1","r1","r2","r3","r3","r2","2015-12-12 15:39:26.302439","2015-12-12 15:57:50.588288",1,"2015-12-12 15:42:43.174080",40,11,"true","false","false",16,0,2,"r3","r3",11,10,1
95,"Neliel","08770","d",20,"r4","","r1","r2","r2","r1","r2","r1","r1","r3","r1","r2","r3","r3","r2","2015-12-12 15:40:28.924262","2015-12-12 15:59:58.277962",1,"2015-12-12 15:43:19.848440",30,15,"true","false","true",16,0,1,"r2","r4",15,10,1
96,"Alf_exander","08914","h",25,"r6","","r1","r2","r2","r3","r3","r1","r2","r1","r1","r2","r1","r3","r2","2015-12-12 15:40:34.063944","2015-12-12 15:54:37.091849",1,"2015-12-12 15:43:09.430204",60,40,"true","false","true",16,0,5,"r2","r4",40,10,1
97,"Adrián ","08184","h",13,"r2","","r1","r1","r1","r4","r4","r3","r1","r2","r3","r4","r1","r4","r1","2015-12-12 15:41:48.394231","2015-12-12 15:53:34.453466",1,"2015-12-12 15:46:35.103528",50,36,"true","false","false",16,0,3,"r4","r4",36,10,1
98,"Isagonica","08003","h",41,"r6","","r1","r1","r2","r3","r3","r1","r2","r2","r1","r3","r3","r3","r2","2015-12-12 15:45:01.021093","2015-12-12 16:00:03.451872",1,"2015-12-12 15:48:07.141822",40,34,"true","false","false",17,0,4,"r1","r1",34,10,1
99,"Humberto","35010","h",56,"r5","","r1","r2","r1","r3","r3","r3","r2","r3","r3","r2","r3","r3","r2","2015-12-12 15:45:56.769649","2015-12-12 16:01:37.871080",1,"2015-12-12 15:48:21.709101",40,9,"true","false","false",17,0,3,"r1","r2",9,10,1
100,"2profesenapuros","08901","d",27,"r6","","r1","r1","r2","r4","r2","r1","r1","r1","r1","r2","r3","r3","r2","2015-12-12 15:49:10.853672","2015-12-12 15:59:57.115949",1,"2015-12-12 15:50:50.400069",40,15,"true","false","false",17,0,2,"r3","r2",15,10,1
101,"2 profesé apuros","08013","d",27,"r6","","r1","r2","r2","r2","r3","r3","r3","r1","r1","r2","r1","r1","r3","2015-12-12 15:50:07.149678","2015-12-12 16:00:10.909250",1,"2015-12-12 15:52:36.013531",40,20,"true","false","false",17,0,1,"r2","r3",20,10,1
102,"Nuitdorage ","08011","h",26,"r6","","r1","r2","r2","r3","r3","r1","r1","r1","r1","r2","r3","r3","r2","2015-12-12 15:50:33.668232","2015-12-12 16:00:42.899161",1,"2015-12-12 15:53:21.021334",40,15,"true","false","false",17,0,5,"r1","r4",15,10,1
103,"Blondelady","08760","d",21,"r4","","r1","r3","r2","r3","r3","r2","r1","r1","r2","r2","r3","r3","r2","2015-12-12 15:50:49.958947","2015-12-12 16:15:27.254021",1,"2015-12-12 15:53:54.958557",60,34,"true","false","false",18,0,4,"r1","r4",34,10,1
104,"Tortugas","08011","h",25,"r6","","r1","r2","r3","r2","r1","r1","r1","r1","r2","r2","r3","r3","r3","2015-12-12 15:51:09.628454","2015-12-12 16:01:04.999493",1,"2015-12-12 15:53:26.906924",40,20,"true","false","false",17,0,6,"r2","r4",20,10,1
105,"Fiscort","08338","h",46,"r6","","r1","r2","r2","r3","r3","r1","r1","r2","r2","r2","r3","r3","r2","2015-12-12 15:57:23.406609","2015-12-12 16:16:12.007490",1,"2015-12-12 16:01:03.126230",50,21,"true","false","false",18,0,6,"r2","r3",21,10,1
106,"Trompeta","08338","d",40,"r5","","r1","r1","r2","r3","r3","r3","r3","r1","r1","r2","r3","r3","r2","2015-12-12 15:58:10.327802","2015-12-12 16:17:17.245568",1,"2015-12-12 16:01:58.023860",30,0,"true","false","false",18,0,2,"r2","r1",0,10,1
107,"Montes","08203","h",66,"r6","","r1","r1","r2","r2","r3","r2","r1","r1","r1","r2","r1","r3","r2","2015-12-12 15:59:51.983894","2015-12-12 16:21:04.466598",1,"2015-12-12 16:03:42.850987",20,0,"true","false","false",18,0,5,"r1","r4",0,9,1
108,"Klara","08338","d",21,"r5","","r1","r2","r3","r3","r3","r3","r2","r3","r3","r1","r3","r1","r4","2015-12-12 16:06:22.473098","2015-12-12 16:15:53.053870",1,"2015-12-12 16:06:43.989124",40,4,"true","false","false",18,0,1,"r3","r4",4,10,1
109,"Jeep","08015","h",35,"r6","","r3","r2","r2","r3","r3","r1","r1","r2","r1","r2","r3","r3","r2","2015-12-12 16:06:33.512636","2015-12-12 16:16:32.654160",1,"2015-12-12 16:09:01.160411",40,30,"true","false","false",18,0,3,"r1","r2",30,10,1
110,"Servenfe ","08026","h",27,"r6","","r1","r1","r4","r3","r3","r1","r1","r2","r2","r2","r3","r3","r2","2015-12-12 16:08:03.320687","2015-12-12 16:39:04.328944",1,"2015-12-12 16:10:12.170710",40,30,"true","false","true",19,0,6,"r1","r2",30,10,1
111,"Barrufa ","08397","d",37,"r6","","r1","r1","r1","r2","r3","r1","r1","r2","r3","r2","r3","r3","r2","2015-12-12 16:09:17.843922","2015-12-12 16:39:30.324728",1,"2015-12-12 16:12:44.160902",40,20,"true","false","false",19,0,3,"r3","r2",20,10,1
112,"Isla acá","08397","h",42,"r4","","r1","r1","r1","r1","r1","r1","r2","r1","r1","r2","r3","r3","r2","2015-12-12 16:09:57.784093","2015-12-12 16:40:55.046667",1,"2015-12-12 16:12:18.936726",40,20,"true","false","false",19,0,4,"r3","r4",20,10,1
113,"Mami","31007","d",26,"r6","","r1","r2","r1","r2","r2","r1","r1","r3","r1","r2","r1","r3","r2","2015-12-12 16:23:24.992600","2015-12-12 16:40:13.470950",1,"2015-12-12 16:26:32.790792",40,22,"true","false","false",19,0,1,"r1","r4",22,10,1
114,"Runa","08012","d",28,"r6","","r1","r2","r2","r3","r3","r1","r1","r2","r3","r2","r3","r3","r2","2015-12-12 16:26:31.649333","2015-12-12 16:41:13.399548",1,"2015-12-12 16:31:59.419705",40,11,"true","false","false",19,0,5,"r1","r4",11,10,1
115,"Pinki ","08023","h",51,"r4","","r1","r2","r2","r2","r3","r1","r1","r2","r2","r2","r1","r3","r2","2015-12-12 16:27:38.595557","2015-12-12 16:40:50.200322",1,"2015-12-12 16:30:00.595596",40,13,"true","false","false",19,0,2,"r1","r4",13,10,1
116,"Merijara","08203","d",37,"r5","","r1","r2","r1","r3","r3","r1","r2","r2","r3","r2","r3","r3","r2","2015-12-12 16:41:02.790817","2015-12-12 16:53:43.195005",1,"2015-12-12 16:45:52.590370",60,30,"true","false","false",20,0,6,"r1","r3",30,10,1
117,"Ric","08027","h",29,"r5","","r1","r1","r1","r2","r2","r1","r1","r2","r1","r2","r3","r3","r2","2015-12-12 16:41:16.526359","2015-12-12 16:54:46.917442",1,"2015-12-12 16:46:23.230875",20,13,"true","false","false",20,0,2,"r4","r3",13,10,1
118,"Ilion","08940","h",40,"r4","","r1","r2","r1","r3","r3","r1","r1","r1","r1","r2","r3","r3","r2","2015-12-12 16:41:34.353281","2015-12-12 16:53:39.499787",1,"2015-12-12 16:46:18.622492",50,39,"true","false","false",20,0,4,"r1","r4",39,10,1
119,"Jcbcn","08035","h",29,"r5","","r1","r1","r2","r3","r3","r1","r1","r2","r1","r2","r3","r3","r2","2015-12-12 16:41:38.614768","2015-12-12 16:54:30.278854",1,"2015-12-12 16:45:52.567666",40,17,"true","false","false",20,0,1,"r2","r1",17,10,1
120,"tenis morra","08203","h",39,"r2","","r1","r2","r2","r3","r3","r2","r2","r2","r1","r2","r3","r3","r3","2015-12-12 16:41:54.918531","2015-12-12 16:55:35.678864",1,"2015-12-12 16:46:50.803827",40,17,"true","false","false",20,0,3,"r2","r4",17,10,1
121,"Gargariza","08005","h",43,"r6","","r1","r2","r1","r3","r3","r3","r3","r3","r3","r2","r1","r3","r2","2015-12-12 16:42:29.365838","2015-12-12 16:53:12.964918",1,"2015-12-12 16:43:35.912464",30,0,"true","false","false",20,0,5,"r1","r4",0,10,1
122,"Nur","43870","d",28,"r6","","r1","r2","r2","r3","r1","r1","r3","r1","r1","r2","r3","r3","r2","2015-12-12 16:44:29.287357","2015-12-12 16:59:40.565302",1,"2015-12-12 16:47:29.623637",40,15,"true","false","true",21,0,6,"r1","r3",15,10,1
123,"Peire ","08024","d",34,"r6","","r1","r2","r1","r3","r3","r1","r1","r1","r2","r2","r1","r3","r2","2015-12-12 16:45:36.953920","2015-12-12 17:00:11.454674",1,"2015-12-12 16:47:28.205017",40,19,"true","false","false",21,0,5,"r2","r3",19,10,1
124,"Goodworld","08031","h",29,"r3","","r1","r1","r1","r2","r2","r1","r1","r1","r2","r4","r3","r3","r2","2015-12-12 16:45:39.899340","2015-12-12 17:02:12.461846",1,"2015-12-12 16:49:45.057263",40,12,"true","false","false",21,0,4,"r3","r2",12,10,1
125,"Cris","08030","d",29,"r6","","r1","r2","r1","r3","r3","r2","r2","r2","r2","r2","r3","r3","r2","2015-12-12 16:46:43.929221","2015-12-12 17:00:45.352747",1,"2015-12-12 16:50:30.123678",40,19,"true","false","false",21,0,2,"r2","r3",19,10,1
126,"Naromi ","08020","d",24,"r6","","r1","r1","r2","r2","r2","r2","r1","r2","r1","r2","r3","r3","r2","2015-12-12 16:50:31.728168","2015-12-12 17:14:38.267614",1,"2015-12-12 16:56:05.487494",20,8,"true","false","false",22,0,1,"r1","r2",8,10,1
127,"Zidane","08022","h",27,"r6","","r1","r2","r2","r2","r2","r1","r1","r2","r1","r2","r3","r3","r2","2015-12-12 16:51:01.737708","2015-12-12 16:59:38.838962",1,"2015-12-12 16:53:02.766944",40,26,"true","false","true",21,0,1,"r1","r4",26,10,1
128,"Sisen","08005","h",24,"r6","","r2","r2","r1","r3","r3","r3","r1","r1","r1","r2","r1","r3","r2","2015-12-12 16:51:21.060841","2015-12-12 17:00:20.831366",1,"2015-12-12 16:53:30.857543",40,23,"true","false","true",21,0,3,"r1","r4",23,10,1
129,"El_Piola","08020","h",36,"r6","","r1","r2","r2","r1","r1","r2","r1","r1","r3","r2","r3","r3","r2","2015-12-12 16:52:14.739173","2015-12-12 17:15:25.103146",1,"2015-12-12 16:57:18.505792",50,25,"true","false","false",22,0,2,"r1","r3",25,10,1
130,"Alitalia","08025","d",39,"r6","","r1","r2","r2","r3","r3","r3","r1","r1","r2","r2","r3","r3","r2","2015-12-12 17:02:41.743485","2015-12-12 17:16:36.794383",1,"2015-12-12 17:05:40.998994",40,14,"true","false","false",22,0,5,"r2","r2",14,10,1
131,"Josep ","08025","h",40,"r3","","r1","r1","r1","r2","r3","r2","r1","r2","r1","r2","r3","r3","r2","2015-12-12 17:03:52.512732","2015-12-12 17:18:41.749887",1,"2015-12-12 17:06:55.126042",40,20,"true","false","false",22,0,4,"r1","r2",20,10,1
132,"Grey perdono","08026","h",13,"r2","","r1","r1","r4","r3","r3","r1","r3","r3","r2","r2","r3","r3","r4","2015-12-12 17:04:04.608336","2015-12-12 17:16:30.471626",1,"2015-12-12 17:06:50.625923",60,33,"true","false","false",22,0,6,"r1","r2",33,10,1
133,"Hule","0826","d",46,"r6","","r1","r1","r1","r3","r3","r1","r1","r1","r2","r2","r3","r3","r2","2015-12-12 17:04:34.977810","2015-12-12 17:16:29.070655",1,"2015-12-12 17:08:06.414113",30,12,"true","false","false",22,0,3,"r1","r4",12,10,1
134,"E mi","08014","h",45,"r5","","r1","r1","r2","r3","r1","r3","r2","r1","r1","r2","r3","r2","r2","2015-12-12 17:07:44.415582","2015-12-12 17:25:56.750544",1,"2015-12-12 17:09:58.574349",40,14,"true","true","true",23,0,3,"r1","r2",14,10,1
135,"Annunnaki ","08028","d",39,"r7","","r1","r1","r3","r2","r3","r3","r1","r3","r3","r2","r3","r3","r2","2015-12-12 17:07:45.202686","2015-12-12 17:26:58.343349",1,"2015-12-12 17:09:35.187819",40,8,"true","false","false",23,0,5,"r2","r4",8,10,1
136,"Aldo","08013 ","h",40,"r6","","r1","r3","r1","r2","r3","r3","r3","r2","r2","r2","r1","r3","r2","2015-12-12 17:09:07.322584","2015-12-12 17:27:31.906107",1,"2015-12-12 17:12:34.817226",40,15,"true","false","false",23,0,1,"r3","r3",15,10,1
137,"Fat","08013","d",35,"r6","","r1","r3","r1","r3","r3","r3","r3","r3","r3","r2","r3","r3","r2","2015-12-12 17:09:07.494954","2015-12-12 17:28:18.123214",1,"2015-12-12 17:12:34.841526",40,6,"true","false","true",23,0,2,"r2","r3",6,10,1
138,"Superprospe","08016","h",37,"r5","","r1","r2","r2","r2","r1","r2","r1","r1","r2","r2","r3","r2","r2","2015-12-12 17:09:39.560566","2015-12-12 17:29:49.630861",1,"2015-12-12 17:14:34.581990",40,10,"true","false","true",23,0,4,"r1","r2",10,10,1
139,"Caqui","08860","d",46,"r6","","r1","r1","r1","r2","r3","r3","r2","r1","r2","r2","r3","r3","r2","2015-12-12 17:16:20.357971","2015-12-12 17:25:56.825070",1,"2015-12-12 17:18:28.548263",40,6,"true","false","true",23,0,6,"r3","r1",6,10,1
140,"Pum","08860","h",50,"r5","","r1","r2","r1","r2","r2","r2","r2","r2","r2","r2","r1","r1","r2","2015-12-12 17:16:51.424160","2015-12-12 17:29:34.212703",1,"2015-12-12 17:19:46.787417",40,20,"true","false","true",24,0,4,"r3","r4",20,10,1
141,"Abrácelo o","08030","h",27,"r6","","r1","r2","r2","r2","r2","r1","r2","r1","r2","r2","r3","r3","r2","2015-12-12 17:17:51.750844","2015-12-12 17:29:14.431651",1,"2015-12-12 17:19:41.929519",40,28,"true","false","false",24,0,6,"r3","r3",28,10,1
142,"Burdo","08440","h",29,"r6","","r1","r1","r1","r3","r3","r1","r1","r2","r2","r2","r3","r3","r2","2015-12-12 17:18:01.211501","2015-12-12 17:30:53.451460",1,"2015-12-12 17:20:46.244344",20,10,"true","false","false",24,0,5,"r1","r3",10,10,1
143,"Churrumbelas","08440","d",27,"r6","","r1","r1","r1","r3","r3","r3","r1","r2","r2","r2","r3","r3","r2","2015-12-12 17:18:03.039407","2015-12-12 17:44:14.694483",1,"2015-12-12 17:23:32.825633",40,20,"true","false","false",25,0,4,"r1","r4",20,10,1
144,"Falconetty","08026","h",28,"r5","","r1","r2","r2","r2","r3","r3","r2","r2","r2","r2","r3","r3","r2","2015-12-12 17:18:12.915728","2015-12-12 17:30:00.734251",1,"2015-12-12 17:21:52.513834",30,6,"true","false","false",24,0,3,"r4","r4",6,10,1
145,"Ranagustavo","08014","h",36,"r4","","r1","r2","r1","r2","r3","r3","r1","r2","r1","r2","r3","r3","r2","2015-12-12 17:19:00.827921","2015-12-12 17:30:39.171367",1,"2015-12-12 17:21:22.957068",60,31,"true","false","false",24,0,1,"r3","r3",31,10,1
146,"Juliett ","08030","h",25,"r6","","r1","r1","r2","r2","r3","r3","r2","r2","r1","r2","r3","r3","r3","2015-12-12 17:19:13.410562","2015-12-12 17:31:02.369269",1,"2015-12-12 17:22:00.315537",50,22,"true","false","false",24,0,2,"r3","r2",22,10,1
147,"Geo","08030","d",30,"r3","","r1","r2","r2","r3","r3","r2","r1","r2","r1","r2","r3","r3","r2","2015-12-12 17:19:42.451517","2015-12-12 17:44:50.004314",1,"2015-12-12 17:22:56.011402",40,19,"true","false","false",25,0,5,"r1","r3",19,10,1
148,"Laura","08530","d",36,"r6","","r1","r2","r1","r3","r3","r2","r1","r2","r3","r2","r1","r3","r2","2015-12-12 17:21:20.473403","2015-12-12 17:43:29.216009",1,"2015-12-12 17:26:03.640962",40,19,"true","false","false",25,0,1,"r1","r2",19,10,1
149,"K","08530","h",37,"r6","","r1","r2","r2","r3","r3","r3","r3","r3","r3","r2","r1","r3","r2","2015-12-12 17:21:53.984848","2015-12-12 17:44:02.291509",1,"2015-12-12 17:26:06.806549",40,8,"true","false","true",25,0,2,"r1","r4",8,10,1
150,"Cribes","08191","h",46,"r6","","r1","r1","r1","r3","r3","r1","r2","r1","r2","r2","r1","r3","r2","2015-12-12 17:31:17.419254","2015-12-12 17:48:34.426150",1,"2015-12-12 17:36:36.220700",40,15,"true","false","false",26,0,4,"r1","r3",15,10,1
151,"Nuestro","08030","h",42,"r6","","r1","r2","r2","r3","r3","r1","r2","r1","r1","r1","r1","r3","r2","2015-12-12 17:31:57.732725","2015-12-12 17:43:31.215052",1,"2015-12-12 17:33:14.863992",40,19,"true","false","false",25,0,6,"r2","r2",19,10,1
152,"Victoria","08191","d",13,"r3","","r1","r2","r2","r2","r3","r2","r2","r3","r3","r2","r1","r3","r2","2015-12-12 17:31:58.448333","2015-12-12 17:42:23.315096",1,"2015-12-12 17:32:44.686167",40,18,"true","false","false",25,0,3,"r1","r4",18,10,1
153,"Eva","08191","d",45,"r5","","r1","r2","r2","r3","r3","r2","r1","r1","r1","r2","r3","r2","r3","2015-12-12 17:33:50.100222","2015-12-12 17:50:36.711405",1,"2015-12-12 17:36:25.323077",60,40,"true","false","false",26,0,3,"r1","r2",40,10,1
154,"Saca ay","08025","h",33,"r6","","r1","r2","r2","r3","r1","r2","r3","r3","r1","r2","r1","r3","r2","2015-12-12 17:36:57.592803","2015-12-12 17:50:48.758489",1,"2015-12-12 17:41:20.869266",30,10,"true","false","true",26,0,1,"r1","r2",10,10,1
155,"Andaias","08034","h",35,"r6","","r1","r2","r2","r3","r3","r1","r1","r1","r1","r2","r1","r3","r2","2015-12-12 17:37:39.398793","2015-12-12 17:50:55.894485",1,"2015-12-12 17:41:17.071802",40,20,"true","false","false",26,0,6,"r3","r4",20,10,1
156,"Pacornic ","28050","h",37,"r6","","r1","r1","r4","r3","r1","r3","r1","r1","r3","r2","r1","r4","r2","2015-12-12 17:38:34.656849","2015-12-12 17:50:43.849790",1,"2015-12-12 17:40:47.065186",50,30,"true","false","false",26,0,2,"r1","r4",30,10,1
157,"Moonesia","08922","d",39,"r6","","r1","r1","r2","r2","r2","r1","r1","r1","r1","r2","r1","r1","r2","2015-12-12 17:40:18.908152","2015-12-12 17:49:42.576249",1,"2015-12-12 17:42:10.374479",20,0,"true","false","false",26,0,5,"r3","r4",0,10,1
158,"Trinaris","08026","h",30,"r5","","r1","r2","r2","r3","r3","r1","r1","r2","r1","r2","r3","r1","r2","2015-12-12 17:41:57.691789","2015-12-12 17:58:35.035989",1,"2015-12-12 17:47:37.197910",40,11,"true","false","false",27,0,6,"r1","r3",11,10,1
159,"Justo","08015","h",30,"r3","","r1","r2","r1","r3","r3","r1","r1","r2","r1","r2","r1","r3","r2","2015-12-12 17:42:44.831684","2015-12-12 17:57:42.345451",1,"2015-12-12 17:47:27.110821",40,13,"true","false","false",27,0,1,"r1","r4",13,10,1
160,"De paso","08012","d",36,"r6","","r1","r1","r2","r3","r3","r2","r1","r2","r3","r2","r3","r3","r2","2015-12-12 17:43:06.835521","2015-12-12 17:58:08.567803",1,"2015-12-12 17:47:20.413477",40,11,"true","false","false",27,0,4,"r1","r2",11,10,1
161,"Uchiru","08027","d",28,"r5","","r3","r1","r1","r3","r3","r1","r1","r1","r1","r2","r3","r3","r2","2015-12-12 17:43:10.494259","2015-12-12 18:03:00.250766",1,"2015-12-12 17:47:20.812770",40,22,"true","false","false",27,0,5,"r3","r2",22,10,1
162,"Electro menta","08922","d",27,"r6","","r1","r1","r2","r2","r2","r2","r1","r2","r3","r2","r3","r3","r2","2015-12-12 17:46:10.845397","2015-12-12 17:55:40.064903",1,"2015-12-12 17:48:48.239038",40,21,"true","false","false",27,0,2,"r1","r3",21,10,1
163,"Barbacoa","08924","h",27,"r5","","r1","r1","r2","r3","r3","r1","r2","r3","r2","r2","r3","r3","r2","2015-12-12 17:46:38.572184","2015-12-12 17:58:56.427623",1,"2015-12-12 17:49:38.153936",40,18,"true","false","true",27,0,3,"r3","r4",18,10,1
164,"EBV","25003","h",52,"r6","","r1","r4","r1","r3","r3","r3","r1","r2","r1","r2","r1","r3","r2","2015-12-12 17:49:52.090452","2015-12-12 18:11:48.869695",1,"2015-12-12 17:51:39.556393",40,4,"true","false","false",28,0,6,"r1","r1",4,10,1
165,"Pascual","08348","h",28,"r4","","r2","r1","r1","r1","r2","r1","r1","r2","r2","r2","r3","r2","r2","2015-12-12 17:51:33.984342","2015-12-12 18:10:33.912263",1,"2015-12-12 17:53:52.459278",50,37,"true","false","false",28,0,3,"r1","r3",37,10,1
166,"Pat","08022","d",28,"r6","","r1","r2","r2","r3","r3","r3","r1","r1","r1","r2","r3","r3","r2","2015-12-12 17:54:17.570311","2015-12-12 18:11:52.210642",1,"2015-12-12 18:00:24.658322",30,10,"true","false","false",28,0,2,"r1","r2",10,10,1
167,"Carlos","08013","h",28,"r6","","r1","r1","r2","r2","r2","r3","r1","r2","r1","r2","r3","r3","r2","2015-12-12 17:54:32.481552","2015-12-12 18:11:11.721824",1,"2015-12-12 18:00:19.569792",60,34,"true","false","true",28,0,1,"r1","r4",34,10,1
168,"Caryzoe","08906","d",44,"r6","","r1","r1","r1","r3","r3","r3","r1","r1","r1","r2","r3","r3","r2","2015-12-12 17:54:38.393909","2015-12-12 18:11:32.878581",1,"2015-12-12 17:57:42.510400",20,6,"true","false","false",28,0,4,"r1","r3",6,10,1
169,"Motzz","08440","d",28,"r6","","r1","r1","r1","r2","r4","r3","r1","r3","r2","r2","r3","r4","r2","2015-12-12 18:01:03.007053","2015-12-12 18:16:14.076217",1,"2015-12-12 18:06:22.355527",20,0,"true","false","false",29,0,2,"r1","r4",0,10,1
170,"Topete","04009","h",26,"r6","","r1","r2","r2","r3","r3","r1","r1","r1","r1","r2","r4","r3","r2","2015-12-12 18:01:34.882311","2015-12-12 18:11:32.059386",1,"2015-12-12 18:05:00.390431",40,22,"true","false","false",28,0,5,"r3","r4",22,10,1
171,"Nika","08440","d",33,"r6","","r1","r1","r1","r2","r2","r2","r1","r1","r3","r2","r3","r3","r2","2015-12-12 18:01:43.221846","2015-12-12 18:14:43.853997",1,"2015-12-12 18:06:06.814009",40,26,"true","false","false",29,0,5,"r1","r3",26,10,1
172,"Gordo pillo","04009","h",22,"r4","","r1","r2","r2","r3","r3","r1","r1","r1","r2","r2","r3","r4","r2","2015-12-12 18:02:03.302438","2015-12-12 18:15:06.356121",1,"2015-12-12 18:05:46.108607",40,18,"true","false","false",29,0,3,"r2","r4",18,10,1
173,"Ender89","04005","h",26,"r6","","r1","r2","r2","r2","r3","r2","r1","r2","r1","r2","r3","r3","r2","2015-12-12 18:02:31.599989","2015-12-12 18:15:28.370813",1,"2015-12-12 18:05:45.491451",50,25,"true","false","false",29,0,6,"r2","r2",25,10,1
174,"Beetlechusa ","04700","d",24,"r6","","r1","r2","r2","r3","r3","r2","r2","r3","r2","r2","r3","r3","r2","2015-12-12 18:02:34.620342","2015-12-12 18:16:03.983403",1,"2015-12-12 18:05:44.951939",30,17,"true","false","false",29,0,4,"r1","r4",17,10,1
175,"Rosas","08030","d",46,"r6","","r3","r1","r2","r3","r3","r2","r2","r2","r2","r2","r3","r3","r2","2015-12-12 18:05:08.675441","2015-12-12 18:16:49.315568",1,"2015-12-12 18:08:24.286733",60,30,"true","false","false",29,0,1,"r1","r2",30,10,1
176,"Dar san","08830","d",28,"r4","","r1","r1","r4","r3","r3","r2","r2","r1","r1","r2","r4","r1","r4","2015-12-13 09:56:27.773589","2015-12-13 10:12:03.787985",1,"2015-12-13 10:00:44.863328",40,10,"true","true","false",30,0,2,"r1","r3",10,10,1
177,"Xavi159","08830","h",25,"r6","","r1","r1","r1","r2","r2","r3","r2","r2","r2","r2","r3","r3","r2","2015-12-13 09:57:17.742692","2015-12-13 10:12:24.032823",1,"2015-12-13 10:00:58.941018",40,26,"true","false","true",30,0,6,"r1","r4",26,10,1
178,"Nllao","08913","d",42,"r6","","r1","r1","r2","r3","r3","r1","r2","r2","r1","r2","r3","r3","r2","2015-12-13 09:59:04.467265","2015-12-13 10:13:03.649403",1,"2015-12-13 10:01:04.185028",40,18,"true","false","false",30,0,4,"r1","r4",18,10,1
179,"Pastoral","08031","h",25,"r6","","","","","","","","","","","","","","","2015-12-13 09:59:54.486248","",0,"2015-12-13 10:04:53.727671",40,18,"true","false","false",30,0,1,"","",18,10,1
180,"Bolet22","08030","d",20,"r4","","r1","r2","r2","r3","r3","r1","r1","r1","r2","r1","r3","r3","r2","2015-12-13 10:02:29.154593","2015-12-13 10:27:54.375678",1,"2015-12-13 10:06:42.543321",50,12,"true","false","true",31,0,1,"r1","r3",12,10,1
181,"Mr.Houdini","08011","h",20,"r5","","r1","r1","r2","r3","r3","r1","r1","r3","r1","r2","r3","r3","r2","2015-12-13 10:02:52.947268","2015-12-13 10:13:20.169746",1,"2015-12-13 10:05:38.803009",40,20,"true","false","false",30,0,5,"r1","r3",20,10,1
182,"MaxArise","08020","h",41,"r5","","r1","r2","r2","r2","r2","r1","r1","r1","r1","r2","r3","r3","r2","2015-12-13 10:03:11.204980","2015-12-13 10:13:58.887959",1,"2015-12-13 10:05:43.149955",40,16,"true","false","true",30,0,3,"r1","r4",16,10,1
183,"Xgfreixer","08030","h",37,"r5","","r1","r3","r1","r2","r2","r2","r1","r1","r1","r2","r4","r3","r3","2015-12-13 10:04:26.851427","2015-12-13 10:27:48.719016",1,"2015-12-13 10:07:17.082201",20,8,"true","true","true",31,0,6,"r1","r4",8,10,1
184,"Las","08024","d",45,"r6","","r1","r2","r3","r3","r3","r1","r1","r1","r2","r2","r1","r1","r2","2015-12-13 10:15:55.195690","2015-12-13 10:26:04.823883",1,"2015-12-13 10:18:34.868139",40,24,"true","true","true",31,0,2,"r1","r3",24,10,1
185,"S.alarcón","08024","d",12,"r3","","r1","r1","r1","r3","r3","r3","r3","r1","r1","r2","r3","r3","r2","2015-12-13 10:16:39.277269","2015-12-13 10:39:04.941764",1,"2015-12-13 10:21:02.314831",40,28,"true","true","true",32,0,4,"r2","r3",28,10,1
186,"Mosca","08025","d",47,"r6","","r1","r2","r2","r2","r3","r1","r1","r1","r1","r2","r1","r3","r2","2015-12-13 10:16:59.397075","2015-12-13 10:28:23.086982",1,"2015-12-13 10:20:13.310130",40,14,"true","false","false",31,0,5,"r1","r2",14,10,1
187,"Xavi","08024","h",50,"r5","","r1","r1","r1","r3","r3","r2","r2","r2","r2","r2","r3","r3","r1","2015-12-13 10:17:00.603764","2015-12-13 10:27:58.474478",1,"2015-12-13 10:19:23.101371",60,34,"true","false","false",31,0,4,"r1","r1",34,10,1
188,"Neta","08025","d",12,"r3","","r1","r2","r2","r3","r3","r3","r1","r3","r1","r2","r3","r3","r3","2015-12-13 10:17:45.281592","2015-12-13 10:28:02.104135",1,"2015-12-13 10:20:07.357052",30,14,"true","true","true",31,0,3,"r2","r4",14,10,1
189,"Silvia","08924","d",20,"r6","","r1","r1","r2","r2","r3","r1","r1","r1","r2","r2","r3","r2","r2","2015-12-13 10:21:49.042457","2015-12-13 10:38:00.467621",1,"2015-12-13 10:25:16.035973",40,8,"true","true","true",32,0,6,"r3","r3",8,10,1
190,"NereaGB","08028","d",22,"r4","","r1","r1","r2","r3","r3","r1","r1","r3","r1","r2","r3","r3","r2","2015-12-13 10:22:48.684792","2015-12-13 10:36:59.540762",1,"2015-12-13 10:24:36.028207",40,18,"true","false","false",32,0,3,"r1","r3",18,10,1
191,"AgnesS","08292","d",21,"r4","","r1","r3","r1","r3","r3","r1","r1","r3","r1","r2","r3","r3","r2","2015-12-13 10:23:15.603073","2015-12-13 10:38:16.894685",1,"2015-12-13 10:25:21.886147",40,16,"true","false","true",32,0,1,"r1","r2",16,10,1
192,"Maria","08110","d",72,"r4","","r1","r2","r2","r2","r2","r3","r3","r2","r2","r2","r3","r3","r2","2015-12-13 10:24:24.759780","2015-12-13 10:38:36.832218",1,"2015-12-13 10:29:02.030379",40,20,"true","false","false",32,0,2,"r4","r3",20,10,1
193,"Manejar","08110","h",73,"r5","","r1","r1","r2","r3","r3","r3","r1","r1","r3","r2","r3","r3","r2","2015-12-13 10:25:44.022404","2015-12-13 10:40:41.409594",1,"2015-12-13 10:29:46.110353",40,18,"true","false","false",32,0,5,"r3","r2",18,10,1
194,"kikes","08041","h",56,"r4","","r1","r2","r3","r2","r2","r3","r1","r2","r1","r2","r3","r3","r2","2015-12-13 10:29:04.775762","2015-12-13 10:46:15.154530",1,"2015-12-13 10:31:28.171124",30,10,"true","true","true",33,0,6,"r2","r3",10,10,1
195,"Alepsi","08027","d",30,"r6","","r1","r1","r1","r2","r2","r1","r1","r1","r1","r2","r3","r3","r2","2015-12-13 10:31:33.572147","2015-12-13 10:46:09.828682",1,"2015-12-13 10:32:50.011795",50,24,"true","false","false",33,0,3,"r1","r3",24,10,1
196,"Remoquete","08027","h",33,"r6","","r1","r1","r2","r1","r2","r1","r1","r3","r2","r2","r1","r3","r2","2015-12-13 10:31:44.609927","2015-12-13 10:47:10.138151",1,"2015-12-13 10:34:34.990858",40,30,"true","false","false",33,0,4,"r1","r4",30,10,1
197,"Mo","17811","d",54,"r6","","r3","r1","r1","r3","r3","r1","r1","r1","r1","r2","r3","r3","r2","2015-12-13 10:35:12.004600","2015-12-13 10:55:28.251918",1,"2015-12-13 10:41:44.185180",40,22,"true","false","false",34,0,6,"r3","r3",22,10,1
198,"Jerónimo","17811","h",70,"r5","","r3","r1","r2","r3","r3","r3","r2","r1","r1","r2","r3","r3","r2","2015-12-13 10:35:17.453108","2015-12-13 10:55:09.882652",1,"2015-12-13 10:41:51.628238",40,18,"true","false","false",34,0,3,"r1","r1",18,10,1
199,"Pons","08030","h",40,"r6","","r3","r1","r2","r3","r3","r1","r1","r2","r2","r2","r3","r3","r2","2015-12-13 10:35:36.971639","2015-12-13 10:45:46.255178",1,"2015-12-13 10:37:17.642949",40,30,"true","false","false",33,0,1,"r2","r3",30,10,1
200,"Kermit","08030","d",39,"r6","","r3","r2","r4","r3","r3","r1","r1","r2","r1","r2","r1","r3","r2","2015-12-13 10:35:38.010590","2015-12-13 10:45:19.175879",1,"2015-12-13 10:37:19.085868",60,20,"true","false","false",33,0,5,"r1","r3",20,10,1
201,"Carme","08003","h",67,"r5","","r3","r1","r2","r4","r4","r1","r1","r1","r1","r2","r3","r3","r4","2015-12-13 10:37:24.049169","2015-12-13 10:57:34.615608",1,"2015-12-13 10:42:19.403538",40,12,"true","false","false",34,0,5,"r1","r1",12,10,1
202,"Carlos SK.Pistas","08204","h",24,"r5","","r1","r2","r2","r3","r3","r1","r1","r1","r2","r2","r3","r4","r2","2015-12-13 10:37:25.723551","2015-12-13 10:54:14.110950",1,"2015-12-13 10:40:20.189699",40,22,"true","false","true",34,0,1,"r2","r3",22,10,1
203,"Anni","08204","d",28,"r6","","r1","r3","r1","r3","r3","r1","r1","r1","r2","r2","r1","r3","r2","2015-12-13 10:38:13.370003","2015-12-13 10:46:53.960309",1,"2015-12-13 10:39:11.118777",20,2,"true","false","false",33,0,2,"r3","r2",2,10,1
204,"Cala","08027","d",54,"r6","","r1","r1","r2","r2","r2","r2","r3","r1","r2","r1","r4","r3","r2","2015-12-13 10:43:56.735101","2015-12-13 10:57:36.475019",1,"2015-12-13 10:46:35.985078",40,24,"true","false","false",34,0,2,"r2","r1",24,10,1
205,"Boca","08027","h",13,"r2","","r3","r1","r1","r2","r3","r1","r1","r1","r1","r1","r3","r3","r1","2015-12-13 10:43:57.332855","2015-12-13 10:56:49.491776",1,"2015-12-13 10:46:28.352252",40,12,"true","false","false",34,0,4,"r1","r4",12,10,1
206,"SilverEagle88 ","08840","d",27,"r6","","r1","r2","r2","r3","r3","r3","r2","r1","r1","r2","r1","r3","r2","2015-12-13 10:52:44.149851","2015-12-13 11:05:42.455096",1,"2015-12-13 10:56:42.172757",60,26,"true","false","true",35,0,4,"r1","r3",26,10,1
207,"Zhelion ","08014","h",26,"r6","","r1","r2","r1","r2","r2","r1","r1","r2","r1","r2","r1","r3","r2","2015-12-13 10:52:59.768067","2015-12-13 11:06:18.345278",1,"2015-12-13 10:56:44.065306",30,24,"true","false","false",35,0,3,"r2","r4",24,10,1
208,"Ercori ","08014","h",26,"r4","","r1","r2","r1","r3","r3","r1","r1","r2","r2","r2","r3","r3","r2","2015-12-13 10:53:00.356991","2015-12-13 11:06:58.168487",1,"2015-12-13 10:57:07.001336",40,26,"true","false","true",35,0,2,"r1","r4",26,10,1
209,"Sidneyia","08012","h",25,"r6","","r1","r2","r1","r3","r3","r1","r2","r2","r3","r2","r3","r3","r2","2015-12-13 10:53:22.685298","2015-12-13 11:07:46.234715",1,"2015-12-13 10:57:48.554932",50,12,"true","false","true",35,0,6,"r1","r2",12,10,1
210,"Arajaco","08016 ","d",13,"r3","","r1","r1","r2","r3","r3","r3","r2","r3","r3","r1","r4","r3","r2","2015-12-13 10:54:58.940839","2015-12-13 11:18:52.479525",1,"2015-12-13 11:00:14.893391",40,18,"true","false","false",36,0,5,"r2","r2",18,10,1
211,"Narcigutri","08016","d",12,"r2","","r1","r1","r2","r3","r1","r1","r2","r3","r1","r2","r4","r2","r1","2015-12-13 10:55:02.552767","2015-12-13 11:19:01.146721",1,"2015-12-13 11:00:14.753566",40,18,"true","false","false",36,0,1,"r3","r2",18,10,1
212,"Lía james","08016","h",15,"r2","","r1","r1","r2","r3","r3","r3","r1","r1","r1","r2","r4","r3","r4","2015-12-13 10:55:04.090558","2015-12-13 11:08:45.118600",1,"2015-12-13 10:59:34.847480",40,24,"true","false","false",35,0,5,"r3","r4",24,10,1
213,"Coral","08016","d",35,"r3","","r1","r1","r2","r3","r3","r2","r2","r3","r1","r2","r1","r3","r2","2015-12-13 10:55:17.659805","2015-12-13 11:09:24.937939",1,"2015-12-13 10:58:10.851229",20,2,"true","false","true",35,0,1,"r2","r2",2,10,1
214,"Anais","08004","d",24,"r7","","r1","r1","r2","r1","r3","r3","r1","r2","r2","r2","r3","r3","r2","2015-12-13 10:59:44.631569","2015-12-13 11:20:11.839902",1,"2015-12-13 11:03:03.206730",40,24,"true","false","false",36,0,6,"r1","r2",24,10,1
215,"Lokim","08018","h",16,"r3","","r1","r1","r1","r3","r3","r1","r1","r2","r1","r2","r3","r3","r2","2015-12-13 10:59:45.122195","2015-12-13 11:20:09.290089",1,"2015-12-13 11:03:05.268359",40,20,"true","false","true",36,0,4,"r1","r2",20,10,1
216,"Festival","08640","h",29,"r6","","r1","r2","r2","r2","r1","r1","r2","r1","r1","r2","r3","r1","r2","2015-12-13 11:07:11.677372","2015-12-13 11:18:32.067003",1,"2015-12-13 11:09:42.022667",40,12,"true","false","false",36,0,3,"r2","r3",12,10,1
217,"Dhala ","08640","h",29,"r6","","r1","r1","r2","r3","r1","r1","r1","r3","r2","r2","r4","r1","r3","2015-12-13 11:07:20.295706","2015-12-13 11:18:40.246286",1,"2015-12-13 11:09:57.237923",40,22,"true","false","false",36,0,2,"r3","r2",22,10,1
218,"SUEN","08025","d",59,"r6","","r1","r1","r2","r3","r3","r2","r1","r1","r1","r2","r3","r3","r2","2015-12-13 11:12:07.321261","2015-12-13 11:25:37.425809",1,"2015-12-13 11:16:46.446778",60,36,"true","false","false",37,0,4,"r2","r3",36,10,1
219,"Eira","08026","d",29,"r6","","r1","r1","r1","r3","r3","r3","r1","r3","r3","r2","r1","r3","r2","2015-12-13 11:12:25.474785","2015-12-13 11:24:26.994959",1,"2015-12-13 11:16:47.412804",20,6,"true","false","false",37,0,6,"r1","r2",6,10,1
220,"Jaumem99","08025","h",55,"r4","","r1","r2","r2","r3","r3","r3","r1","r1","r1","r2","r3","r3","r2","2015-12-13 11:12:28.109034","2015-12-13 11:25:07.829325",1,"2015-12-13 11:16:49.113170",40,22,"true","false","false",37,0,5,"r1","r2",22,10,1
221,"Albus ","08030","d",18,"r5","","r1","r1","r4","r3","r3","r2","r2","r1","r2","r2","r3","r3","r2","2015-12-13 11:12:58.940234","2015-12-13 11:24:31.325759",1,"2015-12-13 11:15:35.981227",40,16,"true","false","false",37,0,3,"r2","r3",16,10,1
222,"Anna","08030","d",53,"r4","","r1","r1","r2","r1","r2","r3","r1","r1","r3","r2","r3","r3","r2","2015-12-13 11:13:00.640964","2015-12-13 11:23:57.151989",1,"2015-12-13 11:16:02.782949",30,16,"true","false","false",37,0,1,"r2","r1",16,10,1
223,"Jordi","08030","h",53,"r5","","r1","r2","r2","r2","r3","r3","r1","r1","r2","r2","r3","r3","r2","2015-12-13 11:13:14.145616","2015-12-13 11:41:12.282161",1,"2015-12-13 11:18:29.663268",40,18,"true","false","false",38,0,3,"r2","r2",18,10,1
224,"Brie ","08030","d",51,"r5","","r1","r1","r4","r3","r3","r3","r3","r1","r1","r2","r3","r3","r2","2015-12-13 11:14:49.907370","2015-12-13 11:26:57.791646",1,"2015-12-13 11:17:23.722633",50,20,"true","true","true",37,0,2,"r2","r3",20,10,1
225,"Trukatila ","08197","h",12,"r2","","r2","r2","r2","r2","r2","r1","r1","r2","r3","r2","r3","r1","r2","2015-12-13 11:18:53.780622","2015-12-13 11:41:46.774738",1,"2015-12-13 11:21:58.773235",40,6,"true","false","true",38,0,6,"r2","r4",6,10,1
226,"Oucosmic","08197","h",40,"r4","","r3","r2","r1","r2","r2","r1","r1","r1","r3","r2","r3","r3","r2","2015-12-13 11:19:13.022369","2015-12-13 11:41:15.867742",1,"2015-12-13 11:22:02.058781",40,30,"true","false","true",38,0,1,"r1","r2",30,10,1
227,"Locorez ","08018","h",29,"r6","","r1","r2","r1","r3","r3","r1","r1","r2","r1","r2","r3","r3","r2","2015-12-13 11:28:54.199963","2015-12-13 11:41:54.710926",1,"2015-12-13 11:32:35.881488",40,24,"true","false","false",38,0,2,"r1","r3",24,10,1
228,"Iré tu","43202","d",34,"r5","","r2","r1","r2","r3","r3","r2","r2","r2","r2","r2","r3","r2","r2","2015-12-13 11:29:18.343102","2015-12-13 11:47:53.975133",1,"2015-12-13 11:34:06.697788",50,30,"true","false","false",39,0,4,"r2","r1",30,10,1
229,"MeteoCod","43205","h",35,"r6","","r1","r2","r1","r2","r2","r1","r1","r2","r1","r2","r1","r3","r2","2015-12-13 11:29:24.831534","2015-12-13 11:43:04.597316",1,"2015-12-13 11:32:39.939039",40,22,"true","true","true",38,0,4,"r1","r4",22,10,1
230,"Javi","43003","h",35,"r6","","r1","r2","r1","r3","r1","r3","r3","r3","r3","r2","r3","r3","r2","2015-12-13 11:29:49.415989","2015-12-13 11:47:06.727737",1,"2015-12-13 11:33:57.616936",20,16,"true","false","true",39,0,6,"r1","r3",16,10,1
231,"Peyote can","08016","h",46,"r5","","","","","","","","","","","","","","","2015-12-13 11:30:25.499355","",0,"2015-12-13 11:31:52.625861",40,13,"true","true","true",38,0,5,"","",0,7,1
232,"No u","08030","h",66,"r6","","r1","r2","r2","r2","r3","r3","r2","r2","r2","r2","r3","r3","r1","2015-12-13 11:30:45.916511","2015-12-13 11:49:39.215463",1,"2015-12-13 11:34:32.170604",60,22,"true","false","false",39,0,3,"r3","r2",22,10,1
233,"Nilo","08016","d",36,"r6","","r1","r2","r1","r2","r3","r1","r1","r2","r1","r2","r1","r3","r2","2015-12-13 11:31:01.113088","2015-12-13 11:49:54.857623",1,"2015-12-13 11:35:01.977503",40,8,"true","false","true",39,0,2,"r1","r3",8,10,1
234,"Nube","08970","d",40,"r4","","r1","r2","r2","r2","r2","r2","r2","r2","r2","r2","r3","r3","r1","2015-12-13 11:36:31.424739","2015-12-13 11:56:14.274428",1,"2015-12-13 11:41:30.118422",40,24,"true","false","false",40,0,1,"r3","r3",24,10,1
235,"Bonebreaker","08031","h",11,"r1","","r3","r2","r2","r2","r2","r3","r3","r1","r3","r2","r1","r3","r1","2015-12-13 11:36:40.908194","2015-12-13 11:54:40.103116",1,"2015-12-13 11:40:52.590983",40,18,"true","false","true",40,0,3,"r2","r2",18,10,1
236,"Mister potato","  0801","h",11,"r2","","r1","r1","r1","r3","r1","r3","r1","r1","r1","r2","r1","r3","r2","2015-12-13 11:37:09.267936","2015-12-13 11:49:53.087769",1,"2015-12-13 11:39:04.806437",30,0,"true","false","false",39,0,5,"r3","r3",0,10,1
237,"Iker03","08970","h",12,"r3","","r1","r2","r1","r2","r4","r1","r1","r3","r1","r2","r3","r3","r2","2015-12-13 11:37:10.521745","2015-12-13 11:49:15.541182",1,"2015-12-13 11:39:53.457165",40,24,"true","false","false",39,0,1,"r1","r3",24,10,1
238,"Xavier","08970","h",43,"r6","","r1","r1","r1","r3","r3","r2","r1","r2","r1","r2","r1","r3","r2","2015-12-13 11:37:19.035213","2015-12-13 11:57:45.906525",1,"2015-12-13 11:41:07.624792",40,22,"true","false","false",40,0,2,"r1","r4",22,10,1
239,"Mar","08202","d",41,"r6","","r1","r2","r1","r2","r3","r1","r1","r1","r1","r2","r3","r3","r2","2015-12-13 11:37:51.028323","2015-12-13 11:56:13.141827",1,"2015-12-13 11:44:25.610545",40,12,"true","false","false",40,0,4,"r1","r3",12,10,1
240,"Mister potato 2","08016","h",11,"r2","","r1","r1","r2","r3","r3","r3","r2","r1","r2","r4","r3","r3","r4","2015-12-13 11:44:32.550777","2015-12-13 11:55:56.830238",1,"2015-12-13 11:44:52.773382",40,8,"true","false","false",40,0,5,"r2","r1",8,10,1
241,"zozobra","08004","h",24,"r6","","r1","r1","r4","r2","r2","r1","r1","r2","r3","r2","r1","r3","r2","2015-12-13 11:47:47.926583","2015-12-13 11:52:53.654127",1,"2015-12-13 11:47:52.598911",40,24,"true","false","false",40,1,6,"r1","r4",24,10,1
242,"Cuacpato","08032","h",32,"r5","","r1","r1","r1","r2","r3","r1","r3","r1","r2","r2","r3","r3","r2","2015-12-13 11:50:10.147274","2015-12-13 12:03:02.045922",1,"2015-12-13 11:51:22.409280",30,0,"true","true","true",41,0,5,"r4","r2",0,10,1
243,"Fa deterioren","08820","h",38,"r2","","r1","r2","r2","r3","r3","r3","r1","r1","r3","r2","r3","r3","r2","2015-12-13 11:50:23.925052","2015-12-13 12:01:58.060556",1,"2015-12-13 11:53:12.440086",40,14,"true","false","true",41,0,6,"r1","r3",14,10,1
244,"Dark primer","08914","h",24,"r5","","r1","r1","r1","r2","r1","r3","r1","r2","r2","r2","r3","r3","r2","2015-12-13 11:51:20.737836","2015-12-13 12:01:43.365579",1,"2015-12-13 11:54:31.645276",60,30,"true","false","false",41,0,1,"r3","r4",30,10,1
245,"Germán","08340","h",39,"r6","","r1","r1","r1","r3","r3","r3","r1","r2","r1","r2","r3","r3","r2","2015-12-13 11:51:24.941398","2015-12-13 12:01:13.891904",1,"2015-12-13 11:54:32.323751",20,8,"true","false","false",41,0,3,"r1","r4",8,10,1
246,"Héctor ","08830","d",38,"r3","","r1","r1","r3","r1","r3","r3","r1","r1","r1","r2","r4","r3","r2","2015-12-13 11:51:29.687569","2015-12-13 12:02:03.540628",1,"2015-12-13 11:53:21.790215",50,24,"true","true","true",41,0,4,"r1","r4",24,10,1
247,"Mazo","08906","h",45,"r3","","r1","r2","r4","r2","r2","r3","r1","r3","r2","r2","r3","r3","r2","2015-12-13 11:51:41.059261","2015-12-13 12:02:22.525332",1,"2015-12-13 11:53:35.771402",40,28,"true","false","false",41,0,2,"r3","r3",28,10,1
248,"Juanmi","08030","h",37,"r6","","r3","r1","r4","r2","r2","r1","r2","r1","r2","r2","r3","r3","r2","2015-12-13 11:57:33.286449","2015-12-13 12:12:47.758017",1,"2015-12-13 12:00:58.718654",40,28,"true","false","false",42,0,5,"r1","r3",28,10,1
249,"39clues","08005","h",12,"r2","","r1","r1","r4","r1","r3","r1","r3","r3","r2","r2","r4","r3","r1","2015-12-13 11:57:53.344732","2015-12-13 12:13:15.707183",1,"2015-12-13 12:02:12.583154",40,8,"true","false","false",42,0,1,"r4","r4",8,10,1
250,"Pere Gallerí","08005","h",47,"r6","","r1","r1","r1","r3","r3","r1","r1","r1","r1","r2","r3","r3","r2","2015-12-13 11:57:57.117325","2015-12-13 12:11:46.126844",1,"2015-12-13 12:02:13.223198",40,24,"true","false","false",42,0,3,"r1","r2",24,10,1
251,"Smiling sauseges","08005","h",12,"r2","","r1","r1","r3","r2","r1","r1","r2","r1","r1","r2","r4","r4","r1","2015-12-13 11:58:08.529221","2015-12-13 12:15:02.367938",1,"2015-12-13 12:02:18.279099",40,10,"true","false","false",42,0,2,"r3","r4",10,10,1
252,"Nicky ","08600","d",41,"r6","","r1","r2","r1","r3","r3","r1","r1","r2","r2","r3","r3","r3","r2","2015-12-13 12:00:23.781882","2015-12-13 12:24:18.012904",1,"2015-12-13 12:04:58.672201",20,10,"true","false","false",43,0,6,"r2","r4",10,10,1
253,"Dude","08600","d",12,"r2","","r1","r1","r1","r1","r1","r3","r1","r3","r2","r2","r3","r3","r2","2015-12-13 12:00:26.080363","2015-12-13 12:11:33.610863",1,"2015-12-13 12:02:59.825099",40,22,"true","false","false",42,0,6,"r2","r3",22,10,1
254,"Mimi","08600","d",12,"r2","","r1","r1","r2","r3","r3","r1","r1","r3","r2","r2","r3","r1","r1","2015-12-13 12:00:31.137366","2015-12-13 12:26:20.335774",1,"2015-12-13 12:06:07.278969",40,20,"true","false","false",43,0,2,"r1","r3",20,10,1
255,"Pico","08600","h",12,"r2","","r1","r1","r2","r4","r1","r1","r1","r1","r1","r2","r3","r3","r3","2015-12-13 12:00:51.148932","2015-12-13 12:12:52.972145",1,"2015-12-13 12:03:34.388682",40,20,"true","false","false",42,0,4,"r3","r3",20,10,1
256,"Violets","08600","d",48,"r5","","r1","r2","r1","r3","r3","r3","r3","r1","r3","r2","r3","r3","r2","2015-12-13 12:01:03.271272","2015-12-13 12:25:42.967333",1,"2015-12-13 12:04:55.903861",30,0,"true","false","false",43,0,1,"r2","r3",0,10,1
257,"Gemm","08012","d",26,"r6","","r1","r2","r1","r3","r3","r3","r3","r2","r2","r2","r1","r3","r2","2015-12-13 12:11:27.739829","2015-12-13 12:28:42.846643",1,"2015-12-13 12:13:24.282238",50,28,"true","false","false",43,0,4,"r1","r3",28,10,1
258,"Bobby ","08030","h",42,"r5","","r1","r1","r2","r2","r2","r2","r1","r2","r1","r1","r4","r3","r2","2015-12-13 12:12:46.366651","2015-12-13 12:24:32.070318",1,"2015-12-13 12:15:47.813771",60,44,"true","false","false",43,0,5,"r2","r3",44,10,1
259,"Sonia","08030","h",43,"r4","","r1","r1","r2","r3","r3","r3","r1","r1","r1","r1","r3","r3","r1","2015-12-13 12:12:58.847101","2015-12-13 12:29:19.873766",1,"2015-12-13 12:15:34.202968",40,18,"true","false","true",43,0,3,"r4","r4",18,10,1
260,"Nullius in Verba","08030","h",45,"r6","","r1","r3","r2","r4","r4","r1","r1","r1","r2","r2","r1","r3","r2","2015-12-13 12:14:46.376676","2015-12-13 12:40:10.275198",1,"2015-12-13 12:18:16.073937",40,20,"true","false","false",44,0,2,"r2","r4",20,10,1
261,"Gfernande13","08030","h",13,"r2","","r1","r2","r2","r4","r3","r1","r3","r3","r3","r2","r3","r3","r2","2015-12-13 12:15:22.757799","2015-12-13 12:40:31.867578",1,"2015-12-13 12:18:31.259912",40,18,"true","false","false",44,0,3,"r2","r4",18,10,1
262,"òriCar","08030","d",40,"r3","","r1","r1","r1","r1","r1","r1","r1","r2","r2","r2","r3","r3","r2","2015-12-13 12:18:29.350251","2015-12-13 12:40:39.317281",1,"2015-12-13 12:20:37.718847",40,22,"true","false","false",44,0,6,"r1","r3",22,10,1
263,"Negrea","08030","d",12,"r2","","r2","r1","r1","r3","r3","r2","r3","r1","r1","r1","r1","r3","r2","2015-12-13 12:18:39.376107","2015-12-13 12:42:35.498845",1,"2015-12-13 12:20:23.912082",40,20,"true","false","false",44,0,1,"r1","r4",20,10,1
264,"Jhontc","08030","h",52,"r4","","r1","r2","r2","r2","r2","r1","r2","r2","r1","r2","r1","r3","r2","2015-12-13 12:27:30.019210","2015-12-13 12:44:40.995061",1,"2015-12-13 12:30:55.643127",40,16,"true","false","false",44,0,4,"r3","r2",16,10,1
265,"Llonguethouse","08013","h",35,"r5","","r1","r1","r1","r2","r3","r1","r1","r1","r1","r2","r1","r2","r2","2015-12-13 12:31:24.691805","2015-12-13 12:46:04.180012",1,"2015-12-13 12:33:15.128843",40,10,"true","true","true",45,0,3,"r1","r4",10,10,1
266,"Eliminar","50194","h",45,"r6","","r2","r2","r1","r4","r4","r3","r3","r3","r3","r2","r3","r3","r2","2015-12-13 12:32:03.516881","2015-12-13 12:38:37.487078",1,"2015-12-13 12:32:20.462341",40,20,"true","false","false",44,1,5,"r3","r4",20,10,1
267,"Wiwoo ","08026","h",49,"r3","","r1","r2","r1","r1","r2","r2","r1","r1","r1","r2","r3","r3","r2","2015-12-13 12:33:18.123727","2015-12-13 12:48:43.573986",1,"2015-12-13 12:33:34.021345",60,36,"true","false","false",45,0,6,"r3","r1",36,10,1
268,"Marsan ","08026","d",43,"r4","","r1","r4","r4","r3","r1","r1","r3","r3","r1","r2","r3","r3","r2","2015-12-13 12:34:06.093576","2015-12-13 12:46:26.896521",1,"2015-12-13 12:38:14.411741",50,26,"true","true","true",45,0,5,"r2","r3",26,10,1
269,"camaleón","08025","d",48,"r4","","r1","r2","r2","r3","r3","r1","r1","r3","r3","r2","r3","r3","r3","2015-12-13 12:34:08.592824","2015-12-13 12:45:27.303026",1,"2015-12-13 12:36:16.308100",40,16,"true","false","false",45,0,2,"r2","r2",16,10,1
270,"Pavarotti loco","08025","h",53,"r5","","r1","r3","r2","r3","r3","r1","r1","r1","r1","r2","r3","r3","r2","2015-12-13 12:34:16.832585","2015-12-13 12:47:21.393181",1,"2015-12-13 12:36:14.464418",30,10,"true","false","false",45,0,4,"r3","r2",10,10,1
271,"Berenice","43005","d",34,"r6","","r3","r1","r2","r4","r2","r3","r1","r1","r3","r2","r3","r3","r3","2015-12-13 12:35:44.101273","2015-12-13 12:45:40.892417",1,"2015-12-13 12:38:31.262666",20,12,"true","false","false",45,0,1,"r3","r3",12,10,1
272,"Xiang","08030","h",47,"r2","","r1","r3","r1","r1","r3","r1","r1","r1","r1","r2","r3","r3","r2","2015-12-13 12:37:44.540312","2015-12-13 12:53:47.619439",1,"2015-12-13 12:40:50.637490",40,10,"true","true","true",46,0,4,"r2","r3",10,10,1
273,"Cry","08030","h",39,"r5","","r1","r2","r4","r4","r1","r3","r1","r1","r3","r2","r1","r3","r2","2015-12-13 12:38:37.952895","2015-12-13 12:54:21.230615",1,"2015-12-13 12:41:23.352993",40,14,"true","true","true",46,0,1,"r2","r1",14,10,1
274,"Anti","08041","d",47,"r6","","r1","r1","r3","r2","r2","r3","r2","r1","r3","r2","r1","r3","r2","2015-12-13 12:39:56.240208","2015-12-13 12:53:01.581171",1,"2015-12-13 12:43:40.126913",40,8,"true","true","true",46,0,6,"r1","r2",8,10,1
275,"Pablinho301","08041","h",14,"r2","","r3","r1","r2","r3","r2","r1","r1","r1","r1","r2","r3","r3","r1","2015-12-13 12:39:57.222927","2015-12-13 12:53:04.103580",1,"2015-12-13 12:43:04.297776",40,26,"true","true","true",46,0,2,"r2","r2",26,10,1
276,"Tarragona1","08030","h",35,"r6","","r3","r1","r2","r2","r2","r1","r1","r2","r1","r2","r3","r3","r2","2015-12-13 12:40:50.025553","2015-12-13 12:52:45.466524",1,"2015-12-13 12:45:27.013961",40,26,"true","false","false",46,0,5,"r3","r2",26,10,1
277,"Tarragona2","08030","d",35,"r6","","r3","r1","r2","r3","r3","r1","r2","r1","r2","r2","r3","r3","r2","2015-12-13 12:40:59.867766","2015-12-13 12:54:13.109181",1,"2015-12-13 12:45:21.934755",40,30,"true","false","false",46,0,3,"r1","r3",30,10,1
278,"Tarragona3","08037","d",33,"r6","","r3","r1","r4","r2","r2","r1","r1","r1","r3","r2","r1","r3","r3","2015-12-13 12:41:02.667339","2015-12-13 13:04:36.479655",1,"2015-12-13 12:50:02.768538",40,18,"true","false","false",47,0,4,"r1","r2",18,10,1
279,"Tgn4","43002","h",36,"r6","","r3","r1","r2","r3","r1","r1","r1","r1","r2","r2","r3","r3","r2","2015-12-13 12:41:15.481337","2015-12-13 13:04:26.321804",1,"2015-12-13 12:49:57.720269",40,20,"true","false","false",47,0,3,"r4","r1",20,10,1
280,"ArnauPapa","08030","h",39,"r5","","r1","r2","r1","r3","r3","r2","r2","r1","r2","r2","r1","r3","r2","2015-12-13 12:47:21.268332","2015-12-13 13:03:54.884265",1,"2015-12-13 12:48:29.704718",40,18,"true","false","false",47,0,5,"r1","r1",18,10,1
281,"Alberthr","08041","h",41,"r6","","r1","r1","r2","r1","r1","r2","r2","r1","r1","r2","r3","r3","r2","2015-12-13 12:50:49.619419","2015-12-13 13:03:11.169911",1,"2015-12-13 12:52:52.850067",40,24,"true","false","false",47,0,1,"r2","r3",24,10,1
282,"Yugular","08030","h",50,"r5","","r1","r2","r2","r3","r4","r3","r1","r1","r1","r2","r1","r3","r2","2015-12-13 12:52:03.640699","2015-12-13 13:04:03.274423",1,"2015-12-13 12:54:34.811876",40,10,"true","false","false",47,0,2,"r1","r3",10,10,1
283,"Mana","08030","d",60,"r6","","r1","r2","r2","r3","r3","r3","r1","r1","r1","r2","r3","r3","r2","2015-12-13 12:52:13.603438","2015-12-13 13:05:31.488327",1,"2015-12-13 12:55:00.576828",40,20,"true","false","false",47,0,6,"r1","r4",20,10,1
284,"Palo","08504","d",30,"r6","","r1","r1","r2","r1","r2","r3","r1","r2","r1","r2","r4","r3","r3","2015-12-13 13:00:25.746198","2015-12-13 13:15:12.415120",1,"2015-12-13 13:02:55.057618",40,22,"true","false","false",48,0,1,"r3","r3",22,10,1
285,"Piluxi","28924","d",30,"r6","","r1","r1","r2","r2","r3","r1","r1","r1","r1","r2","r1","r3","r2","2015-12-13 13:00:41.168163","2015-12-13 13:16:27.140478",1,"2015-12-13 13:02:45.918400",40,20,"true","true","true",48,0,4,"r1","r3",20,10,1
286,"Sufrí cata","08560","d",30,"r6","","r1","r2","r2","r3","r2","r1","r1","r2","r1","r2","r3","r3","r2","2015-12-13 13:00:53.608189","2015-12-13 13:15:02.699264",1,"2015-12-13 13:02:31.440676",40,18,"true","false","false",48,0,5,"r1","r2",18,10,1
287,"Gsus ","28924","h",31,"r6","","r1","r2","r2","r4","r4","r1","r1","r3","r1","r2","r3","r3","r2","2015-12-13 13:00:56.766451","2015-12-13 13:14:37.437490",1,"2015-12-13 13:02:43.095402",40,18,"true","false","true",48,0,3,"r2","r4",18,10,1
288,"Rain","08012","h",30,"r6","","r1","r2","r1","r2","r3","r1","r1","r1","r3","r2","r3","r3","r2","2015-12-13 13:03:59.056129","2015-12-13 13:18:31.649661",1,"2015-12-13 13:07:42.416469",40,26,"true","false","false",48,0,2,"r1","r2",26,10,1
289,"Amas","08012","d",26,"r6","","r1","r2","r1","r3","r3","r1","r2","r2","r1","r2","r3","r3","r2","2015-12-13 13:04:01.061599","2015-12-13 13:21:50.785199",1,"2015-12-13 13:09:21.610057",40,22,"true","false","false",49,0,5,"r1","r4",22,10,1
290,"Tactile I","05000 ","d",60,"r6","","r1","r2","r1","r3","r3","r1","r1","r1","r1","r4","r3","r3","r2","2015-12-13 13:05:19.936005","2015-12-13 13:18:54.247836",1,"2015-12-13 13:06:51.764545",40,12,"true","false","false",48,0,6,"r1","r1",12,10,1
291,"Lobo","43882","h",28,"r3","","r1","r2","r2","r2","r2","r1","r2","r2","r2","r2","r4","r3","r2","2015-12-13 13:09:50.393943","2015-12-13 13:21:34.769979",1,"2015-12-13 13:12:05.904783",50,20,"true","false","false",49,0,6,"r2","r2",20,10,1
292,"Badal84","08912","d",31,"r6","","r1","r2","r2","r3","r3","r1","r1","r2","r1","r2","r3","r3","r2","2015-12-13 13:10:48.056339","2015-12-13 13:21:10.722634",1,"2015-12-13 13:13:55.991087",60,36,"true","false","true",49,0,1,"r1","r2",36,10,1
293,"Ron","08912","h",32,"r5","","r1","r2","r2","r3","r3","r1","r1","r1","r2","r2","r3","r3","r2","2015-12-13 13:10:50.374279","2015-12-13 13:21:28.005349",1,"2015-12-13 13:14:07.320365",30,6,"true","false","false",49,0,4,"r2","r3",6,10,1
294,"Blackhole","08840","h",27,"r4","","r1","r2","r2","r3","r3","r3","r1","r1","r2","r2","r1","r3","r2","2015-12-13 13:10:51.789528","2015-12-13 13:21:30.017016",1,"2015-12-13 13:13:11.795017",20,0,"true","false","false",49,0,3,"r1","r3",0,10,1
295,"Carlosccg97","08840","h",18,"r4","","r1","r2","r2","r3","r3","r2","r1","r2","r2","r2","r3","r3","r2","2015-12-13 13:10:59.418183","2015-12-13 13:25:17.321041",1,"2015-12-13 13:14:24.951940",40,20,"true","false","false",50,0,2,"r1","r4",20,10,1
296,"Serra8cat","08032","h",20,"r5","","r1","r2","r2","r3","r3","r3","r2","r1","r2","r2","r3","r3","r3","2015-12-13 13:11:33.039911","2015-12-13 13:21:27.539088",1,"2015-12-13 13:13:34.271914",40,14,"true","false","false",49,0,2,"r3","r1",14,10,1
297,"Sigma","08030","h",20,"r6","","r1","r3","r1","r3","r3","r2","r1","r1","r3","r2","r3","r3","r2","2015-12-13 13:11:33.551797","2015-12-13 13:23:56.660070",1,"2015-12-13 13:14:49.966330",40,14,"true","false","true",50,0,6,"r1","r3",14,10,1
298,"Luna","08320","d",38,"r6","","r1","r2","r1","r2","r3","r1","r1","r3","r2","r2","r3","r4","r3","2015-12-13 13:12:07.491045","2015-12-13 13:25:45.852344",1,"2015-12-13 13:14:30.970838",40,10,"true","false","true",50,0,4,"r2","r2",10,10,1
299,"Cè","08032","d",52,"r6","","r1","r2","r2","r3","r3","r2","r1","r1","r3","r2","r3","r3","r2","2015-12-13 13:12:29.525632","2015-12-13 13:25:33.326885",1,"2015-12-13 13:16:05.220305",40,24,"true","false","false",50,0,1,"r2","r2",24,10,1
300,"Nina","08907","d",38,"r5","","r1","r3","r2","r3","r3","r1","r1","r1","r1","r2","r1","r3","r2","2015-12-13 13:14:19.501315","2015-12-13 13:30:43.928095",1,"2015-12-13 13:17:10.933190",40,16,"true","false","false",50,0,5,"r3","r3",16,10,1
301,"Marc","08025","h",40,"r6","","r2","r2","r1","r1","r3","r1","r1","r2","r1","r2","r3","r1","r2","2015-12-13 13:14:35.764870","2015-12-13 13:24:34.682479",1,"2015-12-13 13:16:16.515222",40,22,"true","true","true",50,0,3,"r2","r3",22,10,1
302,"Espurneta","08037","d",29,"r6","","r1","r1","r2","r2","r2","r1","r1","r2","r1","r2","r3","r3","r2","2015-12-13 14:51:01.106509","2015-12-13 15:05:09.430883",1,"2015-12-13 14:53:22.388429",50,22,"true","false","false",51,0,6,"r4","r3",22,10,1
303,"Astar","08173","h",26,"r6","","r1","r1","r2","r2","r2","r1","r1","r1","r1","r2","r1","r3","r2","2015-12-13 14:52:10.932203","2015-12-13 15:06:27.825222",1,"2015-12-13 14:56:11.416528",40,12,"true","false","false",51,0,4,"r1","r4",12,10,1
304,"VonKa","43005","h",30,"r4","","r1","r2","r1","r3","r3","r1","r2","r1","r3","r2","r3","r3","r2","2015-12-13 14:52:51.496819","2015-12-13 15:05:47.997573",1,"2015-12-13 14:54:59.045547",20,20,"true","false","false",51,0,2,"r1","r4",20,10,1
305,"Blaa_Ncaa4","43750","d",21,"r4","","r1","r1","r4","r3","r3","r1","r2","r1","r2","r2","r3","r3","r2","2015-12-13 14:52:55.719812","2015-12-13 15:03:39.860405",1,"2015-12-13 14:54:16.208691",40,20,"true","false","false",51,0,1,"r1","r3",20,10,1
306,"Cese","43750","h",24,"r6","","r1","r1","r2","r3","r3","r2","r1","r2","r1","r2","r3","r4","r2","2015-12-13 14:53:25.282329","2015-12-13 15:05:19.358467",1,"2015-12-13 14:56:11.646961",30,20,"true","false","true",51,0,5,"r1","r1",20,10,1
307,"Posco","43500","h",24,"r6","","r1","r1","r1","r2","r2","r1","r1","r2","r2","r2","r3","r3","r2","2015-12-13 14:53:48.335983","2015-12-13 15:04:51.092877",1,"2015-12-13 14:56:16.479549",60,24,"true","false","false",51,0,3,"r2","r4",24,10,1
308,"Montero","08004","d",18,"r3","","r1","r1","r4","r3","r3","r3","r2","r2","r3","r2","r3","r3","r2","2015-12-13 15:03:20.073474","2015-12-13 15:15:25.036110",1,"2015-12-13 15:06:00.297910",60,34,"true","false","false",52,0,1,"r4","r3",34,10,1
309,"Cabezon Gaston","08030","h",34,"r5","","r3","r2","r1","r2","r1","r1","r1","r1","r1","r2","r3","r3","r2","2015-12-13 15:03:29.391577","2015-12-13 15:14:57.655834",1,"2015-12-13 15:07:18.275005",50,24,"true","false","false",52,0,5,"r1","r2",24,10,1
310,"Juliette","08004","d",14,"r3","","r1","r2","r2","r4","r2","r3","r2","r3","r1","r4","r4","r3","r2","2015-12-13 15:03:31.922558","2015-12-13 15:14:19.344396",1,"2015-12-13 15:06:05.993985",30,12,"true","false","false",52,0,3,"r2","r2",12,10,1
311,"Mel","08001","d",15,"r3","","r1","r1","r1","r1","r2","r1","r2","r3","r2","r2","r3","r3","r2","2015-12-13 15:03:34.061094","2015-12-13 15:14:48.078121",1,"2015-12-13 15:06:19.089222",20,0,"true","false","true",52,0,6,"r3","r2",0,10,1
312,"ImarhomN","08027","h",17,"r4","","r1","r1","r2","r2","r2","r1","r2","r1","r1","r1","r1","r2","r1","2015-12-13 15:03:43.867678","2015-12-13 15:14:24.171038",1,"2015-12-13 15:06:05.736881",40,16,"true","false","false",52,0,4,"r2","r1",16,10,1
313,"Bottom girl ","08030","d",36,"r6","","r3","r1","r2","r2","r2","r1","r2","r2","r1","r2","r3","r3","r2","2015-12-13 15:03:46.699734","2015-12-13 15:15:56.125274",1,"2015-12-13 15:07:15.925189",40,28,"true","false","false",52,0,2,"r1","r4",28,10,1
314,"Engañar","08030","d",46,"r6","","r1","r2","r2","r3","r3","r3","r1","r1","r1","r2","r3","r3","r2","2015-12-13 15:04:14.861488","2015-12-13 15:24:01.665761",1,"2015-12-13 15:08:29.918018",60,36,"true","false","false",53,0,6,"r2","r4",36,10,1
315,"McFly","08030","h",39,"r5","","r3","r1","r2","r4","r4","r1","r1","r1","r3","r2","r3","r3","r2","2015-12-13 15:04:22.230153","2015-12-13 15:23:08.210112",1,"2015-12-13 15:07:59.485430",30,26,"true","false","false",53,0,5,"r2","r4",26,10,1
316,"Aribau","08036","d",44,"r6","","r1","r1","r1","r3","r3","r3","r2","r1","r2","r2","r3","r3","r2","2015-12-13 15:04:41.231521","2015-12-13 15:24:28.999260",1,"2015-12-13 15:08:39.786986",20,0,"true","false","false",53,0,2,"r1","r2",0,10,1
317,"Paras largas","08921","d",45,"r5","","r1","r1","r2","r2","r3","r1","r1","r1","r1","r2","r1","r3","r2","2015-12-13 15:10:09.281396","2015-12-13 15:26:29.950962",1,"2015-12-13 15:16:07.938338",50,28,"true","false","false",53,0,3,"r1","r4",28,10,1
318,"Yo","08921","h",49,"r2","","r1","r2","r2","r3","r3","r2","r2","r2","r2","r2","r1","r3","r2","2015-12-13 15:10:23.992378","2015-12-13 15:26:10.780688",1,"2015-12-13 15:15:04.393172",40,10,"true","false","false",53,0,1,"r1","r2",10,10,1
319,"I'm popover","08921","h",12,"r2","","r1","r1","r1","r2","r1","r1","r1","r2","r1","r2","r3","r3","r3","2015-12-13 15:12:11.485093","2015-12-13 15:28:21.372789",1,"2015-12-13 15:16:15.512674",40,14,"true","false","false",53,0,4,"r3","r4",14,10,1
320,"Rahman","07199","h",21,"r4","","r1","r1","r2","r2","r2","r1","r1","r1","r3","r2","r4","r3","r2","2015-12-13 15:28:34.250310","2015-12-13 15:39:55.146690",1,"2015-12-13 15:30:44.755789",40,20,"true","false","false",54,0,1,"r1","r4",20,10,1
321,"Aterrices","08035","h",29,"r6","","r1","r2","r2","r2","r3","r1","r1","r3","r2","r2","r3","r3","r2","2015-12-13 15:28:38.687660","2015-12-13 15:40:44.402219",1,"2015-12-13 15:30:07.050156",40,17,"true","false","false",54,0,3,"r1","r3",17,10,1
322,"BelAmi","08770","h",36,"r6","","r3","r1","r2","r2","r2","r1","r1","r2","r1","r2","r3","r3","r2","2015-12-13 15:28:43.612952","2015-12-13 15:39:49.037347",1,"2015-12-13 15:30:00.702761",40,25,"true","false","false",54,0,5,"r1","r2",25,10,1
323,"Roi","08027","h",27,"r6","","r3","r1","r4","r3","r3","r1","r2","r2","r3","r2","r3","r3","r2","2015-12-13 15:29:02.479669","2015-12-13 15:40:41.859631",1,"2015-12-13 15:30:34.928031",40,22,"true","false","false",54,0,4,"r2","r4",22,10,1
324,"Orel","08003","h",38,"r6","","r1","r1","r4","r3","r3","r3","r2","r2","r2","r2","r1","r3","r2","2015-12-13 15:29:56.038136","2015-12-13 15:41:10.758990",1,"2015-12-13 15:32:00.495583",40,17,"true","false","false",54,0,6,"r1","r4",17,10,1
325,"Asia","08042","d",32,"r3","","r1","r2","r1","r2","r2","r2","r2","r2","r3","r2","r3","r3","r2","2015-12-13 15:30:20.238275","2015-12-13 15:41:20.525038",1,"2015-12-13 15:32:37.397784",40,18,"true","false","false",54,0,2,"r4","r2",18,10,1
